Instance,Cluster,N0,N1,N2,N3,N4,N5,N6,N7,N8,N9,N10,N11,N12,N13,N14,N15,N16,N17,M0P0,M1P0,Class
1277,#42BC10,0,1,0,0,0,0,1,0,1,0,0,0,0,0,0,1,1,2,2,1,0
1550,#42BC10,0,1,0,2,1,2,1,0,1,0,0,1,0,0,0,0,2,1,2,1,0
1356,#42BC10,0,1,0,1,1,0,0,0,0,0,0,1,0,0,0,1,0,0,2,1,0
1359,#42BC10,0,0,0,1,1,1,1,2,0,0,0,1,0,0,0,2,1,1,2,1,0
1380,#42BC10,0,0,0,1,0,0,0,0,0,0,2,1,0,0,1,0,2,1,2,1,0
1220,#42BC10,0,0,0,0,1,1,1,1,0,0,0,1,0,0,1,0,0,0,2,1,0
1416,#42BC10,0,0,0,0,1,0,1,1,0,0,1,0,0,0,0,0,1,0,2,1,0
1224,#42BC10,0,1,0,0,0,1,0,1,1,0,0,1,0,1,2,0,1,1,2,1,0
1535,#42BC10,0,1,1,1,1,0,1,0,1,0,0,1,0,0,1,0,0,0,2,1,0
1556,#42BC10,0,0,1,1,0,1,0,0,0,0,0,1,0,1,0,0,0,1,2,1,0
1322,#42BC10,0,0,0,0,1,1,0,1,0,1,0,2,0,0,1,0,0,0,2,1,0
1370,#42BC10,0,1,0,1,0,1,1,0,0,1,1,2,0,0,0,2,1,0,2,1,0
1231,#42BC10,0,2,0,0,1,1,2,0,0,0,0,2,0,0,1,1,1,0,2,2,0
1571,#42BC10,0,1,0,1,1,2,1,0,0,0,0,2,0,1,0,1,1,0,2,1,0
1554,#42BC10,0,1,0,1,1,0,1,1,0,0,1,1,0,1,0,1,0,0,2,1,0
1592,#42BC10,0,2,0,0,0,1,2,0,0,0,1,0,0,1,0,0,1,0,2,1,0
787,#42BC10,0,1,0,0,1,0,2,0,2,0,0,2,0,1,1,0,1,1,0,0,1
413,#42BC10,0,2,0,0,1,1,0,1,1,0,0,2,0,1,1,1,1,0,0,0,1
587,#42BC10,0,1,0,0,1,0,0,0,2,0,0,2,0,0,1,1,1,0,1,0,1
774,#42BC10,0,1,0,0,1,0,0,0,1,0,0,2,0,0,1,0,1,0,1,0,1
617,#42BC10,0,0,0,0,0,0,1,0,1,0,1,2,0,0,1,1,2,0,1,0,1
703,#42BC10,0,0,1,0,0,1,1,1,1,0,0,2,0,0,1,1,2,0,0,0,1
536,#42BC10,0,1,0,1,0,2,1,0,1,1,1,2,0,1,1,1,0,0,0,0,1
786,#42BC10,0,1,0,0,0,0,1,0,1,1,1,2,0,0,1,1,1,1,0,0,1
412,#42BC10,0,0,0,0,1,2,0,0,1,1,0,1,0,1,1,0,2,1,0,0,1
592,#42BC10,0,1,0,1,1,1,0,0,1,1,0,0,0,0,1,1,1,0,0,0,1
409,#42BC10,0,1,1,0,0,1,1,0,1,0,0,1,0,0,1,1,0,1,0,0,1
527,#42BC10,0,1,0,0,0,0,1,1,1,0,0,0,0,1,1,0,0,2,0,0,1
639,#42BC10,0,0,0,1,0,1,1,0,1,0,1,1,0,1,1,0,0,1,0,0,1
744,#42BC10,0,0,0,0,0,1,1,0,1,0,0,1,0,0,1,1,2,0,0,0,1
590,#42BC10,0,1,0,0,0,2,1,0,1,1,1,1,0,0,1,0,1,0,0,0,1
416,#42BC10,0,2,0,1,0,0,0,2,1,1,0,1,0,0,1,0,0,0,1,0,1
597,#42BC10,0,0,1,0,0,0,1,0,1,1,0,1,0,0,1,1,2,0,0,0,1
410,#42BC10,0,1,0,0,0,0,2,0,1,0,0,0,0,1,1,1,1,0,1,0,1
675,#42BC10,0,1,0,0,0,1,0,0,1,0,0,0,0,1,1,2,2,0,0,0,1
421,#42BC10,0,2,0,0,0,2,0,1,1,0,2,1,0,0,1,1,1,1,0,0,1
615,#42BC10,0,1,0,1,0,0,2,0,1,0,2,0,0,0,1,1,1,0,0,0,1
417,#42BC10,0,0,0,0,0,0,0,1,1,0,1,1,0,0,1,0,1,0,0,0,1
797,#42BC10,0,0,1,0,0,1,1,0,1,0,0,1,0,0,1,1,1,1,0,0,1
543,#42BC10,1,0,0,0,0,1,1,1,1,0,1,0,0,0,1,0,1,0,0,0,1
738,#42BC10,0,0,0,0,0,1,1,0,1,0,0,1,0,0,1,1,1,1,1,0,1
666,#42BC10,0,0,1,0,1,1,0,1,1,0,1,0,0,1,1,0,2,1,0,0,1
705,#42BC10,0,0,1,0,1,1,1,0,1,0,0,0,0,1,1,2,2,1,0,0,1
620,#42BC10,0,0,1,0,1,1,0,0,1,0,0,1,0,0,1,2,1,0,0,0,1
456,#42BC10,0,1,0,0,1,0,0,2,1,0,1,1,0,0,1,0,1,1,0,0,1
425,#42BC10,0,2,0,1,1,0,1,1,1,0,1,0,0,1,1,0,1,0,1,0,1
538,#42BC10,0,1,1,1,1,0,0,0,1,0,0,1,0,0,1,1,1,1,1,0,1
1411,#42BC10,1,0,0,0,0,0,1,0,1,0,0,1,0,0,0,0,1,0,2,1,0
1417,#42BC10,1,1,0,0,1,1,0,1,0,0,0,1,0,1,2,2,0,1,2,1,0
1474,#42BC10,1,0,0,0,0,1,0,1,0,0,0,1,0,0,1,1,1,2,2,1,0
531,#42BC10,0,0,0,0,0,1,0,2,2,1,0,2,0,0,2,1,1,0,1,0,1
657,#42BC10,0,1,0,0,0,1,1,2,1,0,1,2,0,0,0,0,0,0,0,0,1
701,#42BC10,0,1,0,0,0,2,1,1,1,1,1,2,0,0,0,1,1,1,0,0,1
751,#42BC10,0,0,1,0,0,2,0,0,1,0,0,2,0,1,0,0,1,0,0,0,1
420,#42BC10,0,2,1,1,0,1,0,1,1,0,0,2,0,0,0,0,1,0,0,0,1
581,#42BC10,0,1,1,1,0,1,1,1,1,0,0,2,0,0,0,1,1,0,0,0,1
568,#42BC10,1,2,1,0,1,1,1,2,1,0,0,2,0,0,0,1,2,1,1,0,1
681,#42BC10,0,2,1,0,0,0,0,2,1,0,0,2,0,0,0,0,2,1,1,0,1
798,#42BC10,1,1,1,0,0,1,0,1,1,0,1,2,0,1,0,0,1,0,1,0,1
716,#42BC10,0,1,1,1,0,2,2,0,1,0,1,0,0,0,0,1,0,0,0,0,1
423,#42BC10,0,1,0,0,0,1,2,1,1,0,1,0,0,1,0,0,2,0,1,0,1
514,#42BC10,0,1,0,0,0,0,2,1,1,0,0,1,0,0,0,1,2,1,1,0,1
603,#42BC10,1,1,0,0,0,1,2,1,1,0,0,1,0,0,2,0,0,0,0,0,1
792,#42BC10,1,1,0,0,0,1,0,0,1,0,0,1,0,0,0,0,2,1,0,0,1
557,#42BC10,0,0,0,0,0,0,2,0,1,1,0,0,1,0,0,2,2,0,1,0,1
510,#42BC10,0,0,0,0,0,0,2,1,1,0,0,1,0,1,2,2,1,0,0,0,1
623,#42BC10,0,2,0,0,0,1,2,2,1,0,0,1,0,1,0,0,1,0,0,0,1
419,#42BC10,0,1,0,2,0,1,0,0,1,1,0,1,0,0,0,1,1,1,1,0,1
776,#42BC10,0,0,0,0,0,0,1,0,1,1,0,0,0,0,0,0,0,1,0,0,1
574,#42BC10,1,0,0,0,0,1,2,1,1,1,1,1,0,0,0,1,1,1,0,0,1
651,#42BC10,0,0,0,0,0,1,1,2,1,1,1,1,0,0,0,1,0,2,0,0,1
578,#42BC10,0,1,0,0,0,1,0,1,1,0,0,0,0,0,0,1,1,0,0,0,1
563,#42BC10,0,1,0,0,0,1,1,1,1,0,1,0,0,1,0,1,1,1,1,0,1
573,#42BC10,0,1,0,0,0,2,0,0,1,0,1,0,0,1,0,1,1,0,1,0,1
428,#42BC10,0,0,1,1,0,0,0,0,1,0,1,0,0,1,0,2,1,0,1,0,1
449,#42BC10,0,1,0,0,0,1,1,0,1,0,0,1,0,1,0,0,2,0,0,0,1
520,#42BC10,0,0,1,0,0,1,0,0,1,0,0,1,0,1,0,0,1,0,0,0,1
704,#42BC10,0,0,0,0,0,1,1,0,1,0,0,0,0,0,0,1,2,0,0,0,1
442,#42BC10,0,1,0,0,0,0,0,1,1,0,1,0,0,1,0,1,2,1,0,0,1
448,#42BC10,1,2,0,1,0,0,0,1,1,0,1,0,0,1,0,0,0,1,0,0,1
539,#42BC10,1,0,0,1,0,0,0,1,1,0,0,1,0,0,0,0,1,1,1,0,1
632,#42BC10,0,0,0,1,0,1,1,0,1,0,0,1,0,0,0,0,1,0,1,0,1
482,#42BC10,0,0,1,1,0,0,0,1,1,1,0,2,1,1,0,0,1,1,0,0,1
643,#42BC10,0,2,0,1,0,0,1,1,1,1,0,2,1,1,0,1,1,1,0,0,1
404,#42BC10,0,1,0,0,1,0,1,2,1,0,0,1,1,0,0,0,0,2,0,0,1
640,#42BC10,0,0,0,1,0,1,1,1,1,0,0,0,1,0,0,0,2,1,0,0,1
769,#42BC10,0,0,1,1,0,1,1,0,1,0,0,1,1,0,0,0,1,1,0,0,1
622,#42BC10,0,0,0,0,1,1,1,0,1,0,0,1,1,1,1,0,0,0,0,0,1
584,#42BC10,0,0,2,0,0,1,1,0,1,0,0,0,1,1,0,0,0,0,1,0,1
616,#42BC10,0,1,2,0,0,2,0,0,1,0,1,2,1,1,0,1,0,1,0,0,1
582,#42BC10,2,0,0,1,1,2,0,2,1,0,0,1,0,1,0,1,1,0,1,0,1
565,#42BC10,0,1,0,0,1,0,2,1,1,1,0,1,0,0,0,0,1,0,0,0,1
628,#42BC10,0,2,0,0,1,1,1,1,1,1,0,1,0,0,0,0,1,0,0,0,1
430,#42BC10,1,2,0,0,1,2,0,0,1,0,0,0,0,0,0,2,1,0,0,0,1
440,#42BC10,0,2,0,0,1,1,0,0,1,0,1,1,0,0,0,0,1,1,1,0,1
490,#42BC10,0,2,0,1,1,0,2,0,1,0,1,1,0,0,0,0,2,2,1,0,1
562,#42BC10,0,1,1,1,2,0,0,1,1,0,1,1,0,1,0,0,0,1,0,0,1
566,#42BC10,1,1,1,1,1,1,1,1,1,1,1,0,0,0,0,1,1,0,0,0,1
607,#42BC10,0,0,0,1,1,1,1,1,1,1,1,0,0,0,2,1,1,0,1,0,1
618,#42BC10,0,0,0,0,1,1,1,1,1,1,0,1,0,0,2,1,2,1,0,0,1
443,#42BC10,1,1,1,1,1,0,1,1,1,0,0,1,0,0,0,0,1,0,1,0,1
604,#42BC10,0,0,0,1,1,1,1,0,1,0,0,1,0,1,0,0,1,0,0,0,1
494,#42BC10,0,0,0,0,1,0,1,1,1,0,0,2,0,0,0,0,1,1,1,0,1
518,#42BC10,0,0,0,1,2,0,0,2,2,0,1,0,0,0,0,2,1,0,1,0,1
533,#42BC10,0,0,0,1,1,2,1,1,1,0,0,0,0,0,0,1,1,0,0,0,1
551,#42BC10,0,0,0,0,1,0,1,0,1,0,0,0,0,0,0,2,1,2,1,0,1
1016,#42D005,0,1,1,0,1,2,2,2,0,1,1,1,0,0,2,1,2,0,0,0,0
818,#42D005,0,1,0,0,0,0,0,1,0,1,0,2,0,0,2,2,0,0,0,0,0
1025,#42D005,0,1,0,0,0,1,0,0,0,1,0,1,0,0,1,1,0,1,0,0,0
957,#42D005,0,0,1,0,1,1,0,1,0,0,1,0,0,1,0,1,1,1,0,0,0
1112,#42D005,0,1,1,0,2,1,0,0,0,0,0,2,0,0,1,1,1,1,0,0,0
847,#42D005,0,2,1,0,0,0,1,0,0,0,0,2,0,0,0,1,1,0,0,0,0
1061,#42D005,0,1,1,0,0,0,1,0,0,0,1,1,0,0,0,1,1,0,0,0,0
240,#42D005,0,2,0,0,1,1,1,0,0,0,0,0,0,0,1,2,0,2,2,1,1
308,#42D005,0,0,0,0,1,1,1,0,0,1,0,0,0,0,2,1,0,2,2,1,1
0,#42D005,0,0,0,0,1,0,1,1,0,0,0,1,0,1,2,1,1,2,2,1,1
157,#42D005,0,1,0,0,1,1,2,1,0,0,0,2,0,0,2,1,1,1,2,1,1
191,#42D005,0,0,0,0,1,0,0,1,0,0,1,0,0,0,1,0,1,1,2,1,1
183,#42D005,0,1,0,0,1,0,0,1,0,0,0,0,0,1,1,1,0,1,2,1,1
187,#42D005,0,1,0,0,1,1,0,1,0,0,0,0,0,2,0,1,0,1,2,1,1
91,#42D005,0,1,0,0,1,2,0,0,0,0,0,2,0,0,0,1,2,1,2,1,1
288,#42D005,0,0,0,0,1,2,1,0,0,0,0,1,0,0,0,2,2,1,2,1,1
319,#42D005,0,0,0,0,1,1,1,1,0,0,2,1,0,0,1,0,2,0,2,1,1
229,#42D005,0,0,0,0,2,1,1,1,0,0,0,2,0,0,0,0,1,0,2,1,1
29,#42D005,0,1,0,0,1,1,0,0,0,0,0,1,0,0,0,1,1,2,2,1,1
58,#42D005,0,1,0,0,1,1,1,0,0,0,0,1,0,0,0,0,1,0,2,1,1
1151,#42D005,0,1,1,1,0,1,1,0,0,1,0,0,0,1,0,2,1,0,0,0,0
1024,#42D005,0,0,1,1,0,1,0,0,0,1,1,1,0,0,0,1,2,0,0,0,0
1115,#42D005,0,1,0,1,0,1,0,2,0,1,1,1,0,1,0,1,0,0,0,0,0
171,#42D005,0,1,0,1,1,1,2,0,0,0,1,1,0,0,1,0,0,0,2,1,1
340,#42D005,0,0,1,1,1,0,2,0,0,0,2,0,0,1,0,1,0,1,2,1,1
184,#42D005,0,1,2,1,1,0,1,1,0,0,0,0,0,2,0,1,0,0,2,1,1
267,#42D005,0,1,0,1,1,0,1,1,0,0,0,0,0,1,0,0,1,1,2,1,1
153,#42D005,0,0,1,1,1,1,0,0,0,0,0,2,0,0,0,0,1,0,2,2,1
326,#42D005,0,1,1,1,1,0,2,2,0,0,0,1,0,0,0,1,1,1,2,1,1
365,#42D005,0,0,0,1,1,1,1,1,0,0,0,1,0,0,0,1,1,1,2,1,1
84,#42D005,0,1,0,1,1,0,0,2,0,0,1,1,0,0,1,0,0,0,2,1,1
364,#42D005,0,0,0,2,1,1,1,1,0,0,0,0,0,0,1,0,0,0,2,1,1
385,#42D005,0,2,1,1,1,0,2,0,0,1,2,2,0,0,0,0,2,0,2,2,1
20,#42D005,0,2,0,1,1,1,2,0,0,0,1,1,0,0,2,2,0,0,2,1,1
321,#42D005,0,0,1,1,1,1,0,0,0,0,0,2,0,0,2,1,1,2,2,1,1
1430,#2C8C60,0,1,0,1,2,0,1,1,1,1,0,1,1,1,2,1,1,1,0,2,0
1250,#2C8C60,0,0,0,0,0,1,1,1,1,0,0,1,0,0,2,1,2,0,1,2,0
1153,#2C8C60,0,1,0,0,0,0,2,0,1,0,1,0,0,0,1,1,2,0,0,2,0
1451,#2C8C60,0,0,0,1,2,2,0,0,1,0,1,0,0,0,2,1,0,0,0,2,0
1386,#2C8C60,0,1,0,0,0,0,0,0,1,1,0,2,1,0,0,0,1,1,1,2,0
1228,#2C8C60,0,1,0,0,0,0,0,0,0,0,1,1,0,0,2,1,0,0,1,2,0
1537,#2C8C60,0,1,0,0,0,0,0,1,0,0,1,0,0,0,0,1,1,1,1,2,0
1558,#2C8C60,0,1,0,0,1,2,0,0,1,0,0,0,0,0,0,0,0,0,0,2,0
1083,#2C8C60,0,1,0,0,1,2,1,1,2,0,1,2,0,1,0,1,0,1,0,2,0
1406,#2C8C60,0,1,0,0,0,2,0,0,1,0,0,0,0,0,0,1,1,1,0,2,0
1400,#2C8C60,0,0,0,0,0,0,1,1,1,0,0,0,0,0,1,0,0,1,0,2,0
1273,#2C8C60,0,1,0,0,0,2,1,0,1,0,0,1,0,1,1,1,1,0,0,2,0
1379,#2C8C60,0,0,1,0,2,0,1,0,1,0,0,1,0,0,1,1,1,2,0,2,0
1237,#2C8C60,0,1,1,1,1,0,1,1,1,1,1,1,0,1,0,1,1,1,0,2,0
1262,#2C8C60,0,1,0,0,1,0,1,1,1,1,1,2,0,1,1,1,0,0,0,2,0
878,#2C8C60,0,2,0,1,0,1,1,1,0,1,0,2,0,0,0,0,0,0,0,2,0
1420,#2C8C60,0,1,0,0,0,1,1,1,1,1,0,0,0,0,0,0,0,0,0,2,0
1253,#2C8C60,0,0,0,1,1,1,1,0,0,0,1,0,0,0,0,1,1,1,0,2,0
1418,#2C8C60,0,1,0,1,0,0,2,0,0,0,0,1,0,1,0,1,1,0,0,2,0
1424,#2C8C60,0,1,0,0,1,0,0,0,0,0,0,1,0,0,0,1,1,0,0,2,0
1216,#2C8C60,0,0,0,1,1,1,1,0,0,0,0,1,0,1,0,0,1,2,0,2,0
1096,#2C8C60,0,1,0,0,0,2,0,1,0,0,1,0,0,0,0,0,1,0,0,2,0
1210,#2C8C60,0,2,0,0,2,2,2,0,0,0,0,2,0,0,0,0,0,0,0,2,0
1343,#2C8C60,0,1,0,0,1,1,0,1,0,0,0,0,0,0,0,0,1,0,0,2,0
1005,#2C8C60,0,0,0,0,1,0,0,2,0,0,0,2,0,1,0,0,0,0,0,2,0
1200,#2C8C60,0,1,0,0,0,1,1,0,0,0,1,0,0,1,0,0,2,0,0,2,0
1517,#2C8C60,0,2,0,0,0,0,0,2,0,0,1,1,0,0,0,0,0,0,0,2,0
1256,#2C8C60,0,0,0,0,0,1,0,1,0,1,1,1,0,0,2,1,0,1,0,2,0
1302,#2C8C60,0,2,0,0,2,0,1,0,0,1,0,1,0,0,1,1,1,0,0,2,0
1525,#2C8C60,0,1,0,0,0,0,0,0,0,1,0,1,0,1,1,1,2,1,0,2,0
1155,#2C8C60,0,1,0,1,0,0,0,2,0,2,0,1,0,0,1,1,1,1,0,2,0
1520,#2C8C60,0,0,0,1,1,0,1,0,0,1,1,1,0,0,1,1,1,1,0,2,0
838,#2C8C60,0,0,1,1,0,0,0,0,0,1,1,1,0,1,1,1,2,0,0,2,0
1401,#2C8C60,0,1,1,0,0,1,2,0,0,1,0,1,0,0,0,1,0,0,0,2,0
1442,#2C8C60,0,0,1,1,0,0,0,0,0,1,0,1,0,0,0,1,1,1,0,2,0
1431,#2C8C60,0,1,1,1,0,0,0,0,0,0,1,1,0,1,0,0,2,0,0,2,0
1048,#2C8C60,0,0,1,1,1,2,1,0,0,0,0,2,0,0,0,1,0,0,0,2,0
1595,#2C8C60,0,0,1,1,0,0,1,0,0,0,0,2,0,1,1,0,1,0,0,2,0
1579,#2C8C60,0,0,1,2,0,0,0,1,0,0,1,0,2,1,0,1,0,1,0,2,0
1486,#2C8C60,0,1,1,0,1,2,0,0,0,0,0,1,0,0,0,1,0,2,0,2,0
1553,#2C8C60,0,1,1,0,1,0,1,1,0,0,1,1,0,2,2,1,1,1,0,2,0
1598,#2C8C60,0,0,1,2,1,0,1,1,0,0,0,1,0,1,1,1,1,1,0,2,0
1588,#2C8C60,0,0,1,1,0,1,1,0,0,0,1,2,0,0,1,1,2,2,0,2,0
1230,#2C8C60,0,1,1,0,0,1,2,0,0,0,0,2,0,0,1,1,2,1,0,2,0
1368,#2C8C60,0,2,1,0,0,1,0,0,0,0,0,0,0,0,0,0,1,0,1,2,0
1293,#2C8C60,0,2,0,1,0,1,0,0,0,0,2,0,0,1,1,0,1,0,0,2,0
1189,#2C8C60,0,0,0,0,0,0,2,2,0,0,0,1,0,0,1,0,1,0,0,2,0
1528,#2C8C60,0,2,0,0,0,0,1,0,0,0,1,0,0,0,2,1,1,0,0,2,0
1466,#2C8C60,0,1,0,0,0,0,2,0,0,0,0,2,1,1,1,1,2,0,0,2,0
1312,#2C8C60,0,1,0,0,0,1,1,1,0,0,0,2,0,1,0,1,2,1,1,2,0
1017,#2C8C60,0,0,0,1,0,0,2,0,0,0,0,1,0,0,0,1,1,1,1,2,0
1565,#2C8C60,0,0,0,1,0,1,0,0,0,0,1,1,0,0,2,0,2,0,1,2,0
280,#006158,1,0,1,0,0,0,1,0,1,0,2,1,0,0,0,0,0,0,2,0,1
283,#006158,1,2,0,1,0,1,0,1,1,0,0,0,0,0,2,0,1,1,2,0,1
93,#006158,1,1,0,1,0,0,0,1,1,0,1,2,0,0,0,0,2,1,2,0,1
343,#006158,1,0,0,0,0,1,0,0,1,0,0,1,0,1,0,0,0,0,2,0,1
522,#006158,1,1,0,0,0,1,2,0,1,0,1,1,0,1,0,0,1,1,2,0,1
222,#006158,1,0,0,0,1,0,0,1,1,0,0,1,0,1,1,1,1,1,2,0,1
241,#006158,0,0,0,0,0,0,2,1,1,0,0,2,0,1,1,1,0,1,2,0,1
102,#006158,1,1,0,0,0,0,0,2,1,0,1,1,0,0,1,1,2,1,2,0,1
106,#006158,0,1,0,0,0,1,2,2,1,0,0,1,0,1,1,1,2,1,2,0,1
688,#006158,0,0,2,1,0,1,0,0,2,0,1,2,0,1,1,1,2,0,2,0,1
294,#006158,0,1,0,2,0,2,1,0,1,0,1,0,0,1,0,0,2,0,2,0,1
53,#006158,0,1,0,1,0,0,0,0,1,0,1,1,0,0,0,1,2,0,2,0,1
289,#006158,0,1,0,1,0,0,0,0,2,0,1,0,0,0,0,0,1,0,2,0,1
22,#006158,0,0,0,1,0,1,2,2,1,0,0,1,0,0,1,0,1,0,2,0,1
733,#006158,0,2,0,2,0,1,1,1,1,0,1,1,0,1,1,1,1,0,2,0,1
12,#006158,0,1,0,1,0,1,0,0,1,0,0,2,0,1,2,0,0,0,2,0,1
116,#006158,0,1,1,1,0,1,0,1,1,0,0,2,0,0,2,0,2,0,2,0,1
100,#006158,0,1,0,0,0,0,0,1,1,0,0,2,0,0,2,1,2,1,2,0,1
111,#006158,0,0,1,0,0,0,2,1,1,0,1,0,0,0,2,1,1,0,2,0,1
130,#006158,0,0,0,0,0,0,1,2,1,0,0,1,0,0,2,1,1,1,2,0,1
88,#006158,0,0,0,0,0,1,0,2,1,1,2,2,0,0,0,1,0,1,2,0,1
228,#006158,0,0,2,0,0,2,1,1,1,1,1,0,0,0,0,0,1,0,2,0,1
108,#006158,0,0,0,0,0,0,1,0,1,1,0,1,0,0,0,1,0,0,2,0,1
349,#006158,0,0,0,0,0,2,0,0,1,1,0,1,0,0,0,0,1,0,2,0,1
230,#006158,0,2,0,1,0,0,2,1,1,1,0,1,0,1,0,0,2,0,2,0,1
85,#006158,0,1,0,1,0,2,1,1,1,1,1,0,0,1,0,1,1,0,2,0,1
232,#006158,0,0,0,2,0,0,1,1,1,1,0,1,0,0,0,1,2,0,2,0,1
391,#006158,0,1,0,0,0,0,1,0,1,0,1,1,0,0,0,1,1,1,2,0,1
10,#006158,0,1,0,0,0,0,1,0,2,0,0,1,0,0,1,0,1,1,2,0,1
113,#006158,0,0,0,0,0,0,1,0,1,0,1,1,0,0,1,1,1,1,2,0,1
117,#006158,0,2,0,0,0,0,1,1,1,0,0,0,0,2,1,0,2,1,2,0,1
219,#006158,0,2,1,0,0,0,0,1,1,0,1,0,0,0,0,1,0,2,2,0,1
127,#006158,0,2,1,0,0,0,0,0,1,0,1,1,0,1,1,0,1,1,2,0,1
377,#006158,0,0,1,0,0,1,1,0,1,0,1,2,0,0,1,1,1,0,2,0,1
258,#006158,0,1,0,0,0,0,2,0,2,0,0,0,0,0,0,1,1,1,2,0,1
194,#006158,0,1,0,0,0,0,2,0,1,0,1,0,0,0,0,1,0,1,2,0,1
537,#006158,0,1,0,0,0,1,2,0,1,0,0,0,0,0,0,1,0,1,2,0,1
146,#006158,0,0,0,0,0,1,1,2,1,0,0,0,0,0,0,1,1,0,2,0,1
339,#006158,0,1,0,0,0,1,1,1,1,0,0,1,0,0,0,0,1,0,2,0,1
35,#006158,0,2,0,0,0,2,0,2,1,0,0,1,0,0,0,0,2,0,2,0,1
152,#006158,0,1,1,0,0,1,2,2,1,0,0,1,0,0,1,1,0,0,2,0,1
189,#006158,0,0,1,0,0,0,0,0,1,0,0,1,0,0,1,1,0,0,2,0,1
329,#006158,0,2,0,0,0,0,1,0,1,0,0,1,0,1,1,0,0,0,2,0,1
209,#006158,0,1,0,0,0,1,0,1,1,0,0,0,0,1,1,1,0,0,2,0,1
5,#006158,0,1,0,0,0,1,0,1,1,0,0,1,0,1,0,0,0,0,2,0,1
217,#006158,0,1,0,0,0,0,0,0,1,0,1,1,0,0,1,0,2,0,2,0,1
962,#542A34,0,0,0,2,0,0,2,0,1,0,2,1,0,1,0,1,0,1,1,1,0
1444,#542A34,0,1,0,1,1,1,2,0,1,0,1,1,0,1,0,0,2,1,1,1,0
1460,#542A34,0,0,0,0,0,1,1,1,1,0,0,2,1,0,0,1,0,0,1,1,0
1549,#542A34,0,1,0,0,0,1,0,0,1,0,2,1,0,0,1,0,0,0,1,1,0
1453,#542A34,0,1,0,0,0,1,2,1,1,0,1,0,0,0,1,0,1,0,1,1,0
1576,#542A34,0,0,0,0,1,2,1,0,1,0,0,1,0,0,0,0,1,1,1,1,0
822,#542A34,0,2,0,0,0,0,1,1,1,0,0,2,0,0,2,1,0,1,1,1,0
1574,#542A34,0,0,0,0,0,0,2,0,0,0,1,0,0,0,1,0,0,1,1,1,0
1532,#542A34,0,1,0,0,0,0,0,0,1,0,1,2,0,1,0,0,0,0,1,1,0
1587,#542A34,0,1,0,0,0,0,0,0,1,0,1,1,0,1,0,0,0,2,1,1,0
1371,#542A34,0,0,0,1,0,1,0,0,1,0,1,0,0,1,1,0,0,0,1,1,0
1584,#542A34,0,0,0,0,0,0,0,0,1,0,0,1,0,1,1,0,0,1,1,1,0
1412,#542A34,0,0,0,0,0,0,2,2,2,1,1,1,0,1,0,1,1,0,1,1,0
925,#542A34,0,1,0,0,1,0,1,2,1,0,1,0,0,1,1,0,1,1,1,1,0
1192,#542A34,0,1,0,0,0,1,1,2,1,1,0,0,0,0,2,0,0,1,1,1,0
1264,#542A34,0,1,0,1,1,0,1,2,1,0,1,0,0,0,0,1,0,0,1,1,0
1289,#542A34,0,2,0,0,0,2,2,1,0,0,0,1,0,1,1,0,2,1,1,1,0
1374,#542A34,0,0,0,0,0,2,2,1,0,0,1,1,0,0,0,1,2,0,1,1,0
1454,#542A34,0,0,0,0,0,1,2,1,0,0,1,1,1,0,0,0,1,1,1,1,0
1335,#542A34,0,1,0,0,1,1,1,2,0,0,2,1,0,0,0,0,1,0,1,1,0
1354,#542A34,0,1,0,0,0,0,1,1,0,0,1,0,0,0,1,0,1,0,1,1,0
1268,#542A34,0,2,0,0,0,1,1,1,0,0,1,0,0,0,0,0,1,1,1,1,0
1326,#542A34,0,1,0,0,0,1,1,1,0,0,1,2,0,0,0,1,1,1,1,1,0
813,#542A34,0,1,0,0,0,0,2,1,0,0,0,0,0,0,1,0,1,0,1,1,0
1333,#542A34,0,1,0,0,0,0,1,1,0,0,0,1,0,0,1,0,1,0,1,1,0
1287,#542A34,0,0,0,0,0,0,1,1,0,0,0,1,0,0,0,0,1,1,1,1,0
1402,#542A34,0,1,0,0,1,1,1,1,0,0,0,1,0,0,1,0,1,1,1,1,0
880,#542A34,0,0,0,0,1,0,2,0,0,0,2,1,0,0,0,1,1,0,1,1,0
1360,#542A34,0,0,0,0,1,0,1,0,0,0,1,0,0,0,1,0,1,0,1,1,0
1020,#542A34,0,1,0,0,1,0,1,0,0,0,1,1,0,0,0,1,1,1,1,1,0
1324,#542A34,0,1,0,0,1,1,1,0,0,0,1,0,0,0,2,1,1,1,1,1,0
941,#542A34,0,1,0,0,0,1,1,0,0,0,0,2,0,0,1,0,0,0,1,1,0
1362,#542A34,0,1,0,0,0,0,2,0,0,0,0,2,0,0,0,0,1,0,1,1,0
1464,#542A34,0,2,0,0,1,0,1,0,0,0,0,2,0,0,1,0,1,1,1,1,0
1306,#542A34,0,2,0,0,0,1,1,0,0,0,0,1,0,0,0,0,2,0,1,1,0
1499,#542A34,0,1,0,0,1,1,1,0,0,0,0,2,0,0,0,1,2,1,1,1,0
1278,#542A34,0,1,0,1,1,2,1,1,0,0,1,1,0,0,0,1,1,0,1,1,0
1035,#542A34,0,1,0,1,0,1,1,1,0,0,0,0,0,0,0,0,1,0,1,1,0
1294,#542A34,0,0,0,2,0,0,1,0,0,0,0,0,0,0,0,1,1,0,1,1,0
922,#542A34,0,2,0,1,0,2,2,0,0,0,0,1,0,0,1,1,0,0,1,1,0
1104,#542A34,0,2,0,1,0,2,1,0,0,0,1,1,0,0,0,0,1,0,1,1,0
1188,#542A34,0,1,0,1,0,0,1,0,0,0,0,1,0,0,1,2,1,0,1,1,0
972,#542A34,0,1,0,0,0,0,1,0,0,0,0,1,0,0,1,0,1,0,1,1,0
1450,#542A34,0,0,0,0,0,0,1,0,0,0,0,1,0,0,1,1,1,0,1,1,0
1582,#542A34,0,1,0,0,0,0,1,0,0,0,0,0,0,0,2,1,2,0,1,1,0
1190,#542A34,0,0,0,1,0,1,0,0,0,0,1,0,0,0,1,1,0,0,1,1,0
1543,#542A34,0,2,0,0,0,1,0,0,0,0,1,0,0,0,1,0,0,0,1,1,0
1355,#542A34,0,0,0,1,1,0,0,0,0,0,0,2,0,0,1,0,2,0,1,1,0
1480,#542A34,0,1,0,0,0,2,0,0,0,0,0,1,0,0,1,1,2,0,1,1,0
1378,#542A34,0,0,0,0,0,0,1,0,0,1,0,0,0,0,1,0,0,0,1,1,0
1389,#542A34,0,1,0,1,1,0,1,1,0,1,0,0,0,0,1,0,1,1,1,1,0
1428,#542A34,0,1,0,1,0,0,1,0,0,1,0,0,1,1,0,1,1,0,1,1,0
1373,#542A34,0,2,0,0,1,0,1,1,0,1,1,1,1,0,1,0,0,0,1,1,0
1408,#542A34,0,1,0,1,0,0,2,0,0,1,0,1,1,0,1,0,1,0,1,1,0
979,#542A34,0,1,0,0,1,0,1,0,0,0,0,1,1,1,0,2,0,0,1,1,0
1435,#542A34,0,1,1,0,0,0,1,0,0,0,0,0,1,0,1,0,0,0,1,1,0
1533,#542A34,0,1,1,0,1,0,1,0,0,0,0,0,1,1,0,1,1,1,1,1,0
1375,#542A34,0,0,0,0,0,2,0,1,0,0,1,1,0,1,1,0,0,1,1,1,0
1429,#542A34,0,0,0,0,0,2,0,1,0,0,2,2,0,1,1,1,0,2,1,1,0
821,#542A34,0,0,0,1,0,0,1,0,0,0,0,1,0,1,0,0,1,1,1,1,0
930,#542A34,0,0,0,0,0,1,2,0,0,0,0,0,0,1,1,0,1,2,1,1,0
1421,#542A34,0,1,0,0,1,1,0,0,0,0,1,1,0,1,1,1,1,0,1,1,0
1526,#542A34,0,0,0,0,1,1,1,1,0,0,0,0,0,1,1,1,1,0,1,1,0
853,#542A34,0,1,0,0,1,0,0,0,0,0,1,1,0,1,1,0,0,0,1,1,0
1530,#542A34,0,1,0,0,1,0,1,0,0,0,1,1,0,1,0,0,0,0,1,1,0
1169,#542A34,0,1,0,0,0,0,1,0,0,0,0,0,0,1,1,0,1,0,1,1,0
1321,#542A34,0,1,0,0,0,0,1,1,0,0,0,1,0,1,1,0,0,1,1,1,0
1509,#542A34,0,1,0,1,0,1,1,1,0,0,0,1,0,2,0,0,2,0,1,1,0
897,#542A34,0,1,0,0,0,0,1,1,0,0,0,0,0,1,0,0,2,0,1,1,0
1167,#542A34,0,1,0,0,0,1,1,1,0,0,1,0,0,1,0,1,2,1,1,1,0
934,#542A34,0,1,0,1,0,1,0,0,0,0,0,0,0,1,0,0,2,0,1,1,0
1396,#542A34,0,1,0,0,0,1,0,1,0,0,0,2,0,1,0,0,1,1,1,1,0
1398,#542A34,0,2,0,1,0,0,0,0,0,0,1,1,0,2,1,0,2,1,1,1,0
911,#542A34,0,2,0,1,1,0,0,0,0,0,0,1,0,1,0,0,1,2,1,1,0
1352,#542A34,0,0,0,0,1,0,0,0,0,0,0,0,0,1,1,0,2,2,1,1,0
1329,#542A34,0,1,0,0,0,0,0,2,0,0,1,0,0,0,1,0,1,0,1,1,0
1414,#542A34,0,2,0,1,0,0,0,2,0,0,1,0,0,0,0,0,1,1,1,1,0
1208,#542A34,0,1,0,0,0,1,0,1,0,0,0,0,0,0,2,0,0,2,1,1,0
1272,#542A34,0,1,0,2,1,0,0,1,0,0,1,0,0,0,0,1,1,1,1,1,0
1138,#542A34,0,1,0,0,0,0,0,0,0,0,1,0,0,0,0,0,1,0,1,1,0
1226,#542A34,0,1,0,1,0,0,0,0,0,0,1,1,0,0,0,0,2,0,1,1,0
1027,#542A34,0,1,0,0,0,1,0,0,0,0,0,1,1,0,1,0,1,1,1,1,0
837,#542A34,0,1,0,0,1,0,0,1,0,0,1,1,1,0,0,0,1,1,1,1,0
1319,#542A34,0,1,0,0,0,1,0,2,0,0,0,2,1,0,0,0,1,1,1,1,0
1483,#542A34,0,0,0,0,2,1,0,1,0,0,0,0,0,0,0,0,2,1,1,1,0
1472,#542A34,0,1,0,1,1,0,0,0,0,0,0,2,0,0,1,1,1,1,0,1,0
1570,#542A34,0,1,0,1,1,1,0,1,0,0,1,0,0,0,1,1,1,0,0,1,0
1181,#542A34,0,1,0,1,1,1,0,1,0,0,0,1,0,0,0,1,1,1,1,1,0
1384,#542A34,0,0,0,0,1,1,0,0,0,0,0,1,0,0,0,0,1,1,1,1,0
1337,#542A34,0,0,0,1,0,1,0,1,0,0,0,0,0,0,0,0,1,0,1,1,0
1000,#542A34,0,1,0,0,1,0,0,0,0,0,0,0,0,0,0,1,1,0,1,1,0
1563,#542A34,0,2,0,0,1,0,0,0,0,0,0,0,0,0,0,0,1,0,1,1,0
1315,#542A34,0,1,0,0,0,1,0,0,0,0,0,1,0,0,0,1,0,0,1,1,0
1037,#542A34,0,2,0,0,0,1,0,0,0,0,0,2,0,0,0,1,1,1,1,1,0
1283,#542A34,0,0,0,1,1,0,0,0,0,0,0,2,0,0,0,0,0,0,1,1,0
1369,#542A34,0,1,1,0,0,0,1,0,1,0,1,0,1,1,1,1,1,2,1,1,0
802,#542A34,0,0,1,0,0,0,0,1,1,1,1,2,0,0,1,0,2,0,1,1,0
1311,#542A34,0,1,1,0,0,1,0,1,1,0,1,0,0,0,2,1,2,0,1,1,0
1575,#542A34,0,1,1,2,0,1,1,0,1,1,0,0,0,1,1,1,1,1,1,1,0
1497,#542A34,0,2,1,0,0,0,2,0,1,0,0,1,0,0,1,1,0,0,1,1,0
861,#542A34,0,1,2,1,1,1,1,0,1,0,0,1,0,0,1,1,0,1,1,1,0
1254,#542A34,0,1,1,1,1,0,1,0,1,0,1,1,0,0,0,1,0,1,1,1,0
1573,#542A34,0,1,1,0,0,1,0,0,1,0,0,1,0,0,1,2,2,0,1,1,0
1393,#542A34,0,0,1,0,1,1,0,1,1,0,0,0,0,0,0,0,1,2,1,1,0
1511,#542A34,0,1,1,0,1,2,1,0,1,0,0,0,0,1,2,1,1,1,1,1,0
1487,#542A34,0,1,1,1,0,0,1,1,1,0,0,0,0,0,1,1,0,1,0,1,0
1111,#542A34,0,0,1,1,0,2,1,1,1,0,0,0,0,0,0,1,0,1,1,1,0
1452,#542A34,0,0,1,1,0,1,1,0,1,0,0,0,0,0,1,0,1,1,1,1,0
1052,#542A34,0,0,1,0,0,1,1,0,0,1,0,2,0,1,1,0,0,0,1,1,0
1239,#542A34,0,2,1,1,0,2,0,0,0,1,1,1,0,1,1,0,0,0,1,1,0
1507,#542A34,0,1,1,1,0,2,2,0,0,0,1,2,0,2,0,1,1,1,1,1,0
1562,#542A34,0,0,1,0,1,2,2,1,0,0,1,0,0,1,0,1,0,1,1,1,0
1211,#542A34,0,1,1,0,1,0,1,0,0,0,0,2,0,1,1,1,2,1,1,1,0
1500,#542A34,0,2,1,0,1,0,2,0,0,0,0,1,0,1,0,0,2,1,1,1,0
915,#542A34,0,0,1,0,1,1,1,1,0,0,0,2,0,1,1,0,1,0,1,1,0
1455,#542A34,0,0,1,0,1,1,0,0,0,0,1,1,0,1,0,0,1,1,1,1,0
1332,#542A34,0,1,1,0,2,0,1,1,0,0,0,1,0,0,0,0,1,0,1,1,0
863,#542A34,0,1,1,1,1,0,1,2,0,0,0,0,0,0,0,0,1,1,1,1,0
1194,#542A34,0,0,1,0,0,1,2,1,0,0,1,0,0,0,1,0,1,1,1,1,0
1521,#542A34,0,1,1,1,0,2,1,0,0,0,0,1,0,0,1,2,0,0,1,1,0
1279,#542A34,0,1,1,0,0,0,1,0,0,0,2,1,0,0,1,2,0,0,1,1,0
1413,#542A34,0,1,1,0,1,2,1,0,0,0,2,1,0,0,0,1,1,1,1,1,0
1126,#542A34,0,1,1,1,0,0,1,1,0,0,1,1,0,0,2,2,2,1,0,1,0
1175,#542A34,0,0,1,1,0,0,0,0,0,0,2,1,0,0,1,1,1,0,0,1,0
1240,#542A34,0,0,1,0,0,1,0,2,0,0,0,1,0,1,0,1,0,0,1,1,0
1204,#542A34,0,0,1,1,1,0,0,0,0,0,1,2,0,1,1,1,0,1,1,1,0
1599,#542A34,0,1,1,0,0,0,0,0,0,0,0,0,0,1,1,1,0,2,1,1,0
1560,#542A34,0,2,1,0,1,0,0,0,0,0,0,0,0,0,0,2,0,1,1,1,0
1330,#542A34,0,2,1,1,0,0,0,0,0,0,1,0,0,0,0,0,1,1,1,1,0
1235,#542A34,0,1,1,1,0,1,0,1,0,0,0,1,0,0,1,0,1,1,1,1,0
1255,#542A34,0,1,1,0,0,0,0,0,0,0,0,1,0,0,1,0,1,0,1,1,0
124,#542A34,0,0,1,0,0,2,2,2,1,0,0,2,1,1,2,2,2,0,2,0,1
163,#542A34,0,0,0,1,0,1,0,0,1,0,1,0,1,0,0,2,2,0,2,0,1
386,#542A34,0,1,1,0,0,0,1,0,1,0,0,0,1,1,1,0,0,0,2,0,1
1527,#542A34,0,0,1,1,0,1,0,0,1,1,1,1,1,1,0,0,0,1,0,1,0
1267,#542A34,0,0,1,2,0,0,1,1,1,1,0,0,1,0,2,0,1,1,0,1,0
1415,#542A34,0,0,1,0,1,0,2,1,1,1,0,0,0,0,0,0,1,1,1,1,0
49,#542A34,0,0,1,0,0,2,1,0,1,1,0,1,1,0,1,1,0,1,2,0,1
1132,#542A34,0,2,1,0,1,1,2,1,1,1,2,1,1,0,0,1,2,0,0,1,0
118,#42B95B,1,0,0,0,1,1,1,0,0,0,0,0,0,1,0,1,0,1,2,1,1
236,#42B95B,1,0,0,0,1,1,2,0,0,0,1,1,0,0,0,0,0,1,2,1,1
128,#42B95B,1,1,0,0,1,0,2,1,0,1,0,1,0,0,0,0,2,0,2,1,1
114,#42B95B,1,1,1,1,1,0,1,0,0,0,0,0,0,2,1,0,1,0,2,1,1
125,#42B95B,1,0,0,1,1,0,1,1,0,0,0,1,0,0,0,0,0,0,2,1,1
345,#42B95B,1,0,0,0,0,0,1,0,0,0,1,2,0,1,0,0,2,0,2,1,1
71,#42B95B,1,2,0,0,0,1,0,2,0,0,0,2,0,0,1,0,2,1,2,2,1
200,#42B95B,1,0,1,0,0,1,1,0,0,0,0,0,0,0,0,0,0,0,2,1,1
33,#42B95B,1,0,1,0,0,0,2,0,0,0,0,2,0,2,0,0,0,0,2,1,1
169,#42B95B,1,1,0,1,0,0,2,0,0,0,0,0,0,0,0,1,0,1,2,1,1
244,#42B95B,1,1,1,1,0,1,2,1,0,0,1,1,0,0,1,0,0,1,2,1,1
1135,#42B95B,1,0,0,0,2,0,0,0,1,0,0,2,0,0,1,1,1,1,0,0,0
836,#42B95B,1,1,0,0,0,0,1,1,0,0,0,0,0,0,0,2,1,1,0,0,0
901,#42B95B,2,0,0,0,0,1,1,1,0,0,0,0,0,0,1,1,1,1,0,0,0
832,#42B95B,1,1,0,0,0,0,1,0,0,0,0,0,0,2,0,1,1,0,0,0,0
987,#42B95B,1,1,0,0,1,0,0,1,0,0,1,1,0,2,1,1,1,1,0,0,0
920,#42B95B,1,1,0,0,1,0,0,1,0,1,0,1,1,1,0,1,0,1,0,0,0
166,#42B95B,1,1,0,0,1,2,1,0,1,1,0,0,0,1,1,0,2,2,2,1,1
1030,#42B95B,1,1,1,0,0,0,1,0,1,1,0,2,0,1,0,1,1,1,0,0,0
970,#42B95B,1,1,0,0,1,2,1,1,0,0,0,1,0,1,0,1,1,1,0,0,0
1006,#42B95B,1,1,0,0,1,2,1,1,1,0,0,0,0,0,0,1,1,0,0,0,0
854,#42B95B,1,1,1,1,0,0,2,1,0,0,0,1,0,0,0,1,1,1,1,0,0
842,#42B95B,1,1,1,1,1,2,1,1,0,0,0,1,0,0,0,0,1,0,0,0,0
947,#42B95B,1,0,1,1,1,0,0,1,0,0,0,1,0,0,1,0,1,0,1,0,0
828,#42B95B,1,0,0,0,1,0,0,1,0,0,0,0,0,0,0,1,1,0,1,0,0
948,#42B95B,2,0,0,1,1,0,1,0,0,0,0,2,0,0,1,1,1,1,0,0,0
1018,#42B95B,1,1,0,1,0,2,0,2,0,0,1,0,0,1,1,1,1,1,0,0,0
862,#42B95B,1,1,0,0,0,0,1,1,1,2,0,0,0,0,0,0,1,0,1,0,0
871,#42B95B,1,1,0,0,0,0,0,0,0,0,0,1,0,0,1,0,2,0,1,0,0
1010,#42B95B,1,1,0,0,0,0,2,1,0,0,0,1,0,1,0,0,0,0,0,0,0
1117,#42B95B,1,1,1,0,0,0,2,0,0,0,0,0,0,1,0,0,1,1,0,0,0
1134,#42B95B,1,1,0,1,1,2,2,0,0,0,0,2,0,1,0,0,0,0,0,0,0
988,#42B95B,1,0,0,1,1,0,0,0,0,1,0,2,0,0,0,0,0,1,1,0,0
908,#42B95B,1,0,0,0,0,0,1,0,0,0,0,0,0,0,1,0,2,1,0,0,0
1031,#42B95B,1,0,0,0,0,0,1,1,0,0,0,1,0,0,0,0,1,1,0,0,0
1114,#42B95B,1,0,0,0,0,1,1,1,0,0,0,1,0,0,0,0,2,0,0,0,0
691,#70CB41,0,0,0,1,0,0,2,1,0,0,0,2,0,0,1,0,1,2,1,0,1
778,#70CB41,1,0,0,0,0,1,0,0,0,0,1,2,0,0,1,0,1,2,1,0,1
775,#70CB41,1,1,0,0,0,1,0,2,0,0,1,2,0,1,1,1,1,0,0,0,1
498,#70CB41,1,0,0,0,0,1,2,0,0,0,0,2,0,0,1,0,1,1,0,0,1
735,#70CB41,0,1,0,0,0,0,2,1,0,0,0,2,0,0,1,0,0,0,0,0,1
634,#70CB41,0,1,0,0,0,0,2,0,0,0,0,2,1,0,1,0,2,1,0,0,1
499,#70CB41,1,2,0,0,1,0,0,0,0,0,0,2,1,0,1,0,2,0,1,0,1
664,#70CB41,1,1,0,0,1,0,0,2,0,0,0,2,1,1,1,0,2,1,0,0,1
613,#70CB41,0,1,0,2,0,2,0,2,0,1,0,2,0,1,1,2,0,1,0,0,1
431,#70CB41,1,1,0,1,0,0,0,1,0,0,1,2,0,1,1,2,2,1,1,0,1
523,#70CB41,0,1,1,0,0,0,0,0,0,0,1,2,0,0,1,1,2,1,1,0,1
500,#70CB41,0,1,1,0,0,1,1,0,0,0,0,2,0,1,1,2,1,1,1,0,1
679,#70CB41,0,2,0,1,0,1,1,0,0,1,0,2,0,0,1,1,1,0,0,0,1
741,#70CB41,1,1,1,1,0,1,1,0,0,1,1,2,0,1,1,1,1,0,1,0,1
653,#70CB41,0,1,0,0,2,2,1,1,0,0,0,2,0,0,1,1,1,1,1,0,1
719,#70CB41,0,1,0,1,1,1,0,0,0,0,0,2,0,0,1,0,1,0,1,0,1
796,#70CB41,0,2,0,0,1,1,0,0,0,0,0,2,0,1,1,0,1,1,1,0,1
437,#70CB41,0,1,1,0,1,0,0,0,0,0,0,2,0,0,1,1,0,2,1,0,1
481,#70CB41,0,1,1,0,2,0,2,0,0,0,0,2,0,1,1,0,1,0,1,0,1
682,#70CB41,0,1,0,0,1,0,1,2,0,0,0,2,0,0,1,0,2,0,1,0,1
668,#70CB41,1,1,0,0,1,0,1,0,0,0,1,2,0,0,1,0,2,0,0,0,1
789,#70CB41,0,1,0,0,1,0,1,1,0,0,0,2,0,0,1,0,2,0,0,0,1
515,#70CB41,0,0,0,0,1,1,0,0,0,0,2,2,0,0,1,1,1,0,0,0,1
687,#70CB41,0,0,0,0,2,1,1,0,0,0,1,2,0,0,1,1,1,0,1,0,1
485,#70CB41,0,1,0,0,1,1,0,0,0,0,1,2,0,0,1,0,1,1,0,0,1
529,#70CB41,0,0,1,0,1,0,0,2,0,0,1,2,0,0,1,1,1,1,1,0,1
469,#70CB41,0,0,1,0,0,1,0,0,0,0,0,2,0,0,1,0,2,0,0,0,1
516,#70CB41,0,0,0,1,0,0,0,0,0,0,0,2,0,0,1,0,1,0,0,0,1
734,#70CB41,0,0,0,1,0,1,1,0,0,0,0,2,0,0,1,1,1,2,0,0,1
667,#70CB41,0,2,0,1,1,0,0,0,0,0,0,2,0,0,1,1,1,0,0,0,1
576,#70CB41,0,2,0,0,0,1,0,0,0,0,1,2,0,0,1,0,1,1,0,0,1
715,#70CB41,0,2,0,0,0,1,1,0,0,0,1,2,0,1,1,0,1,1,0,0,1
477,#70CB41,0,0,0,0,1,1,1,1,0,1,0,1,0,0,1,1,0,2,0,0,1
476,#70CB41,0,0,0,0,1,0,1,1,0,1,1,1,0,1,1,0,1,1,0,0,1
509,#70CB41,0,1,0,0,1,0,0,0,0,1,0,0,0,0,1,0,1,1,0,0,1
555,#70CB41,0,0,0,1,1,2,1,1,0,1,0,0,0,1,1,1,1,0,0,0,1
729,#70CB41,0,2,0,0,1,2,0,1,0,1,0,1,0,1,1,0,1,0,1,0,1
650,#70CB41,0,1,0,0,1,1,1,2,0,0,0,1,0,0,1,1,0,1,1,0,1
750,#70CB41,0,1,0,0,1,0,1,2,0,0,0,1,0,1,1,0,2,1,0,0,1
434,#70CB41,0,0,0,0,1,0,0,1,0,0,1,1,0,0,1,1,2,0,1,0,1
614,#70CB41,0,0,0,0,1,1,1,0,0,0,0,0,0,1,1,1,2,0,1,0,1
550,#70CB41,0,0,0,0,1,0,1,1,0,0,0,1,0,0,1,0,0,0,0,0,1
690,#70CB41,0,0,0,0,1,0,0,0,0,0,0,1,0,1,1,0,0,0,0,0,1
749,#70CB41,0,1,1,0,1,2,2,1,0,0,1,1,0,0,1,0,1,0,0,0,1
501,#70CB41,1,1,0,0,1,2,2,1,0,0,0,1,0,2,1,0,0,0,0,0,1
708,#70CB41,1,0,0,0,1,0,2,0,0,0,1,0,0,0,1,0,2,0,1,0,1
400,#70CB41,1,0,0,0,1,0,1,0,0,0,2,1,0,0,1,1,1,1,0,0,1
783,#70CB41,1,2,0,2,1,0,0,0,0,0,2,0,0,0,1,1,1,0,1,0,1
513,#70CB41,0,2,0,0,2,0,0,0,0,0,0,1,0,0,1,1,1,1,0,0,1
673,#70CB41,1,1,0,0,2,0,0,1,0,0,1,0,0,2,1,0,1,2,0,0,1
629,#70CB41,0,1,1,1,1,1,1,1,0,0,0,1,0,0,1,2,1,0,0,0,1
661,#70CB41,0,2,1,1,1,0,0,1,0,0,0,0,0,0,1,1,1,1,0,0,1
472,#70CB41,1,0,1,0,1,0,1,0,0,0,1,0,0,0,1,0,1,1,1,0,1
452,#70CB41,0,1,1,0,1,0,0,0,0,0,0,0,0,0,1,0,1,2,0,0,1
785,#70CB41,0,1,1,0,1,0,0,0,0,0,0,0,0,0,1,1,1,1,0,0,1
548,#70CB41,0,0,0,0,1,0,0,0,0,0,0,1,0,0,1,1,1,1,0,0,1
672,#70CB41,0,1,0,0,1,1,1,1,0,0,0,1,0,0,1,1,1,1,0,0,1
402,#70CB41,0,0,0,0,1,0,1,1,0,0,1,1,0,1,1,0,1,1,1,0,1
784,#70CB41,0,1,0,0,1,0,0,0,0,0,1,1,0,0,1,0,1,0,1,0,1
506,#70CB41,0,1,0,1,0,0,1,1,0,0,0,1,0,0,1,0,0,2,1,0,1
608,#70CB41,0,1,1,1,0,2,1,0,0,0,0,0,0,0,1,0,0,1,1,0,1
630,#70CB41,0,1,0,1,0,1,0,1,0,1,1,1,0,0,1,0,0,1,1,0,1
720,#70CB41,0,1,0,1,0,2,1,0,0,1,0,0,0,0,1,1,0,1,1,0,1
450,#70CB41,0,2,0,2,0,0,1,1,0,1,1,1,1,0,1,1,1,0,0,0,1
571,#70CB41,0,2,0,0,0,0,0,0,0,1,1,1,0,1,0,2,1,0,0,0,1
644,#70CB41,0,2,0,0,1,0,1,0,0,1,0,1,0,0,0,1,1,0,0,0,1
436,#70CB41,1,1,0,1,0,0,0,1,0,0,0,1,0,1,1,0,1,0,0,0,1
692,#70CB41,0,0,0,1,0,0,0,0,0,0,0,0,0,1,1,0,1,0,0,0,1
602,#70CB41,0,0,0,0,0,0,0,0,0,0,0,0,0,0,1,1,1,1,1,0,1
542,#70CB41,0,0,0,0,0,1,1,1,0,0,0,1,0,0,1,0,1,1,0,0,1
752,#70CB41,0,0,0,1,0,1,0,1,0,0,0,1,0,0,1,0,1,0,0,0,1
530,#70CB41,0,0,0,0,0,2,0,2,0,0,0,0,0,0,1,0,1,2,0,0,1
791,#70CB41,0,0,1,0,0,2,1,1,0,0,0,0,0,1,1,1,1,1,0,0,1
460,#70CB41,0,1,1,0,0,1,1,0,0,0,0,1,0,1,1,1,1,1,0,0,1
799,#70CB41,0,1,1,0,0,0,0,0,0,0,0,0,0,0,1,0,1,1,1,0,1
459,#70CB41,0,2,0,0,0,1,0,0,0,0,1,0,0,0,1,0,1,1,1,0,1
517,#70CB41,0,1,0,0,0,0,1,0,0,0,0,0,0,0,1,0,1,0,0,0,1
684,#70CB41,0,1,0,1,0,1,0,0,0,0,1,1,0,0,1,0,1,0,0,0,1
455,#70CB41,0,1,0,1,0,1,1,1,0,0,0,0,0,2,1,0,1,0,1,0,1
554,#70CB41,0,1,0,0,0,1,0,1,0,0,0,1,0,0,1,2,1,1,1,0,1
625,#70CB41,0,1,0,0,0,0,1,0,0,0,0,0,0,0,1,2,1,0,1,0,1
677,#70CB41,0,1,0,0,1,0,2,0,0,1,0,0,0,0,1,2,0,0,0,0,1
779,#70CB41,0,1,0,0,0,0,2,0,0,1,1,0,0,1,1,0,0,0,1,0,1
756,#70CB41,0,0,1,1,0,1,2,0,0,0,1,0,0,2,1,2,1,1,0,0,1
511,#70CB41,0,1,0,0,0,1,2,0,0,0,1,1,0,1,1,0,2,1,0,0,1
605,#70CB41,1,1,0,1,0,1,0,1,0,0,0,1,0,1,1,1,0,1,0,0,1
541,#70CB41,0,0,0,0,0,1,2,1,0,0,0,1,0,1,1,1,0,0,0,0,1
711,#70CB41,0,0,1,0,0,1,2,1,0,0,0,1,0,1,1,1,2,0,1,0,1
422,#70CB41,0,1,0,1,0,1,0,0,0,0,0,1,0,0,1,1,2,0,0,0,1
461,#70CB41,0,1,0,1,0,1,1,2,0,0,0,1,0,0,1,1,2,0,0,0,1
621,#70CB41,0,1,0,0,0,1,1,0,0,0,0,1,0,1,1,0,0,0,1,0,1
406,#70CB41,0,2,0,1,0,1,0,2,0,0,1,0,0,0,1,0,2,0,0,0,1
689,#70CB41,0,2,0,0,0,0,0,1,0,0,0,1,0,1,1,1,2,0,1,0,1
594,#70CB41,0,1,1,0,0,1,0,0,0,0,0,0,0,1,1,1,2,1,0,0,1
757,#70CB41,0,2,1,0,0,0,1,0,0,0,1,1,0,0,1,1,2,1,1,0,1
478,#70CB41,0,1,1,1,0,0,1,1,0,0,1,0,0,0,1,0,0,1,0,0,1
700,#70CB41,0,1,1,0,0,1,0,1,0,0,1,1,0,0,1,0,2,0,0,0,1
475,#70CB41,0,0,0,0,0,0,0,0,0,0,2,0,0,0,1,0,0,1,0,0,1
683,#70CB41,1,0,0,0,0,0,0,1,0,0,1,0,0,0,1,0,0,1,0,0,1
619,#70CB41,0,0,0,0,0,1,1,0,0,0,0,0,0,1,1,0,0,1,1,0,1
418,#70CB41,1,0,0,0,0,0,1,1,0,0,0,1,0,1,1,1,2,1,0,0,1
491,#70CB41,0,0,0,0,0,0,1,1,0,0,0,1,0,2,1,1,0,1,0,0,1
150,#B0F427,1,0,0,0,0,1,1,0,0,1,0,0,1,1,0,0,1,0,2,0,1
218,#B0F427,1,0,1,0,0,1,1,0,0,0,0,1,2,0,0,0,1,0,2,0,1
193,#B0F427,1,1,1,0,0,1,1,0,0,0,2,1,0,0,2,1,1,0,2,0,1
87,#B0F427,1,0,0,0,0,0,2,1,0,0,1,0,0,0,0,1,1,1,2,0,1
347,#B0F427,1,1,1,0,0,0,2,1,0,0,2,1,0,0,0,2,2,1,2,0,1
101,#B0F427,1,0,1,0,0,0,1,0,0,0,1,0,0,0,0,1,0,1,2,0,1
86,#B0F427,1,1,0,0,0,0,1,1,0,0,1,0,0,1,0,1,1,0,2,0,1
76,#B0F427,1,1,0,0,0,0,1,1,0,0,0,0,0,0,0,1,2,1,2,0,1
293,#B0F427,1,1,1,0,0,1,1,1,0,0,0,0,0,0,0,0,1,1,2,0,1
185,#B0F427,1,0,0,0,0,0,0,0,0,0,0,0,0,1,0,2,1,0,2,0,1
30,#B0F427,1,0,0,0,0,1,0,0,0,0,0,1,0,1,0,0,2,1,2,0,1
297,#B0F427,1,1,0,0,0,1,0,0,0,0,0,2,0,0,0,0,1,1,2,0,1
121,#B0F427,1,0,0,1,1,0,1,1,0,1,1,1,0,0,2,1,1,1,2,0,1
186,#B0F427,0,2,0,1,0,1,1,0,0,2,0,2,0,1,2,0,1,0,2,0,1
344,#B0F427,0,0,1,0,0,0,1,1,0,1,1,2,0,0,2,1,1,1,2,0,1
40,#B0F427,0,0,0,0,0,0,0,1,0,1,1,1,0,0,2,0,0,0,2,0,1
353,#B0F427,0,0,0,0,0,0,0,0,0,1,0,1,0,1,2,1,1,0,2,0,1
98,#B0F427,0,1,0,0,0,2,0,1,0,1,0,0,0,0,0,1,1,1,2,0,1
441,#B0F427,0,1,0,0,0,0,1,0,0,1,0,0,0,0,1,0,1,1,2,0,1
32,#B0F427,0,1,2,0,0,1,1,1,0,1,0,1,0,0,1,0,0,0,2,0,1
300,#B0F427,0,1,0,0,0,0,1,1,0,1,0,1,0,2,1,2,2,0,2,0,1
372,#B0F427,0,0,1,0,0,0,0,0,0,1,0,0,0,0,0,0,1,0,2,0,1
13,#B0F427,0,0,0,0,0,1,0,1,0,1,1,1,0,0,1,0,1,1,2,0,1
158,#B0F427,0,0,0,0,0,1,1,1,0,1,0,1,0,1,0,0,1,0,2,0,1
252,#B0F427,0,0,0,0,0,1,1,1,0,1,0,0,0,1,0,0,1,0,2,0,1
268,#B0F427,0,0,0,0,0,2,0,0,0,1,1,0,0,0,0,1,0,0,2,0,1
43,#B0F427,0,1,0,0,0,0,2,1,0,1,0,0,0,0,0,0,0,0,2,0,1
138,#B0F427,0,2,0,0,0,1,1,2,0,1,0,0,0,1,0,0,2,0,2,0,1
304,#B0F427,0,2,0,0,0,1,2,1,0,1,2,1,0,0,0,0,0,2,2,0,1
261,#B0F427,0,1,0,0,0,2,2,0,0,1,1,0,0,1,1,0,1,1,2,0,1
346,#B0F427,0,1,0,0,0,0,2,0,0,2,0,0,0,1,1,0,2,1,2,0,1
176,#B0F427,0,1,0,0,0,0,1,1,0,1,0,2,0,1,1,0,0,0,2,0,1
259,#B0F427,0,1,1,0,0,0,2,0,0,1,0,1,0,1,1,2,1,0,2,0,1
233,#B0F427,0,2,0,0,0,0,2,1,0,1,1,1,0,1,0,0,1,0,2,0,1
257,#B0F427,0,1,0,0,0,1,1,1,0,1,1,1,0,1,1,1,1,0,2,0,1
366,#B0F427,0,0,2,0,0,0,1,0,0,0,0,1,0,0,2,0,1,0,2,0,1
1252,#B0F427,0,0,1,0,0,2,0,0,0,0,1,1,0,0,0,1,1,0,1,2,0
382,#B0F427,0,1,0,0,0,2,0,1,0,0,0,1,0,0,2,0,1,2,2,0,1
25,#B0F427,0,1,0,0,0,2,1,0,0,0,0,2,0,0,2,0,1,1,2,0,1
195,#B0F427,0,1,0,0,0,0,1,1,0,0,0,0,0,1,2,1,1,1,2,0,1
164,#B0F427,0,1,1,0,0,1,1,0,0,0,0,1,0,0,2,1,2,0,2,0,1
399,#B0F427,0,0,1,0,0,0,1,1,0,0,0,0,0,0,2,0,0,1,2,0,1
273,#B0F427,0,2,0,0,0,2,0,1,0,0,1,1,0,2,1,0,2,1,2,0,1
389,#B0F427,0,1,0,0,0,0,1,0,0,0,0,2,0,1,0,0,0,1,2,0,1
145,#B0F427,0,0,0,0,0,0,0,2,0,0,0,1,0,1,0,0,0,1,2,0,1
278,#B0F427,0,0,0,0,0,1,1,1,0,0,0,1,0,1,1,0,0,2,2,0,1
320,#B0F427,0,1,0,0,0,1,0,0,0,0,1,1,0,1,0,0,1,1,2,0,1
338,#B0F427,0,1,1,0,0,1,0,0,0,0,1,1,0,1,0,1,1,1,2,0,1
77,#B0F427,0,1,0,0,0,0,1,2,0,0,1,1,0,1,1,0,1,1,2,0,1
305,#B0F427,0,1,1,0,0,0,0,1,0,0,0,1,0,2,1,0,1,1,2,0,1
256,#B0F427,0,1,0,0,0,1,0,0,0,0,1,1,0,0,1,1,0,2,2,0,1
378,#B0F427,0,1,0,0,0,0,0,0,0,0,1,1,0,0,1,0,1,2,2,0,1
170,#B0F427,0,0,0,0,0,0,0,1,0,0,0,1,0,0,1,1,1,1,2,0,1
285,#B0F427,0,1,0,0,0,0,0,1,0,0,0,1,0,0,1,2,1,1,2,0,1
281,#B0F427,0,2,1,0,0,0,1,0,0,0,1,2,0,0,0,1,2,0,2,0,1
39,#B0F427,0,1,0,0,0,1,1,0,0,0,2,2,0,1,0,0,0,0,2,0,1
335,#B0F427,0,1,0,0,0,0,0,0,0,0,0,2,0,1,0,0,2,0,2,0,1
358,#B0F427,0,1,0,0,0,0,2,1,0,0,1,2,0,0,0,0,0,0,2,0,1
235,#B0F427,0,1,2,0,0,0,1,1,0,0,1,1,0,0,0,0,0,0,2,0,1
178,#B0F427,0,1,0,0,0,1,1,0,0,0,0,1,0,0,1,0,2,0,2,0,1
331,#B0F427,0,1,0,0,0,0,1,0,0,0,0,1,0,0,1,0,2,0,2,0,1
1,#B0F427,0,1,0,0,0,0,0,0,0,0,1,1,0,0,1,1,0,0,2,0,1
721,#B0F427,0,1,0,0,0,0,0,0,0,0,1,0,0,0,0,0,0,0,2,0,1
307,#B0F427,0,1,0,0,0,0,1,2,0,0,1,1,0,0,0,2,0,1,2,0,1
201,#B0F427,0,1,0,0,0,0,0,1,0,0,1,0,0,0,1,1,2,1,2,0,1
6,#B0F427,0,1,0,0,0,0,1,1,0,0,1,1,0,0,0,0,0,1,2,0,1
215,#B0F427,0,1,0,0,0,0,0,0,0,0,1,1,0,0,0,0,2,1,2,0,1
14,#B0F427,0,1,1,0,0,2,0,0,0,0,0,0,0,0,0,1,2,1,2,0,1
48,#B0F427,0,2,1,0,0,1,1,1,0,0,2,1,0,0,0,1,2,1,2,0,1
3,#B0F427,0,1,0,0,0,1,1,0,0,0,0,1,0,2,0,2,1,0,2,0,1
396,#B0F427,0,1,0,0,0,0,1,1,0,0,0,0,0,0,0,0,1,1,2,0,1
745,#B0F427,0,1,0,0,0,1,1,0,0,0,0,0,0,0,0,0,1,0,2,0,1
296,#B0F427,0,1,0,0,0,0,1,1,0,0,0,1,0,0,0,0,1,0,2,0,1
393,#B0F427,0,1,0,0,0,0,1,1,0,0,0,1,0,0,0,1,1,0,2,0,1
133,#B0F427,0,1,0,0,0,2,0,0,0,0,1,1,0,0,0,0,1,0,2,0,1
348,#B0F427,0,1,1,0,0,2,0,1,0,0,1,0,0,0,1,1,1,0,2,0,1
325,#B0F427,0,1,0,0,0,0,0,1,0,0,0,1,0,0,1,0,1,0,2,0,1
375,#B0F427,0,2,0,0,0,1,0,1,0,0,1,1,0,0,0,0,1,0,2,0,1
250,#B0F427,0,0,0,0,0,1,1,1,0,0,1,2,0,0,0,0,1,0,2,0,1
376,#B0F427,0,0,0,0,0,2,0,0,0,0,1,2,0,0,0,1,1,1,2,0,1
255,#B0F427,0,0,0,0,0,1,0,0,0,0,2,0,0,0,0,0,1,1,2,0,1
27,#B0F427,0,0,1,0,0,1,1,1,0,0,0,1,0,0,0,0,1,0,2,0,1
51,#B0F427,0,0,0,0,0,1,1,0,0,0,0,1,0,0,0,0,1,0,2,0,1
181,#B0F427,0,0,0,0,0,0,0,0,0,0,0,0,0,0,0,0,1,1,2,0,1
46,#B0F427,0,2,0,0,0,1,0,0,0,0,0,0,0,0,1,0,0,0,2,0,1
107,#B0F427,0,0,0,0,0,1,0,0,0,0,0,1,0,0,0,1,2,0,2,0,1
15,#B0F427,0,0,1,0,0,0,1,0,0,0,0,0,0,0,0,0,0,1,2,0,1
136,#B0F427,0,0,0,0,0,2,1,0,0,0,0,1,0,1,0,1,2,1,2,0,1
89,#B0F427,0,0,0,0,0,0,0,0,0,0,1,1,0,1,0,0,2,0,2,0,1
203,#B0F427,0,2,0,0,0,0,0,0,0,0,1,0,0,1,0,0,1,0,2,0,1
34,#B0F427,0,0,1,0,0,1,1,1,0,0,0,1,0,0,1,1,0,0,2,0,1
311,#B0F427,0,0,0,0,0,1,0,2,0,0,1,1,0,0,1,0,2,0,2,0,1
342,#B0F427,0,0,0,0,0,1,1,2,0,0,1,1,0,0,1,1,0,0,2,0,1
16,#B0F427,0,0,1,1,0,0,2,1,0,0,1,1,0,0,1,0,1,1,2,0,1
135,#B0F427,0,0,0,1,0,1,2,0,0,0,0,2,0,0,0,0,1,0,2,0,1
225,#B0F427,0,0,0,1,0,1,2,1,0,0,0,0,0,1,0,0,1,0,2,0,1
18,#B0F427,0,1,1,1,0,0,2,1,0,0,0,0,0,0,1,0,1,0,2,0,1
334,#B0F427,0,1,0,2,0,2,2,1,0,0,0,1,0,1,1,1,0,0,2,0,1
167,#B0F427,0,0,0,0,0,0,2,0,0,0,1,1,0,0,0,0,1,0,2,0,1
772,#B0F427,0,0,0,0,0,1,2,1,0,0,0,0,0,0,0,2,1,0,2,0,1
159,#B0F427,0,1,0,0,0,2,2,1,0,0,0,1,0,1,1,0,0,0,2,0,1
355,#B0F427,0,1,0,0,0,1,2,1,0,0,0,0,0,1,1,1,1,0,2,0,1
55,#B0F427,0,1,0,1,0,1,2,1,0,0,0,0,0,0,0,0,0,1,2,0,1
589,#B0F427,0,2,0,0,0,0,2,2,0,0,1,1,0,0,0,0,0,1,2,0,1
173,#B0F427,0,1,0,1,0,0,1,2,0,0,0,2,0,0,2,0,1,0,2,0,1
264,#B0F427,0,0,0,1,0,2,1,0,0,0,1,0,0,1,0,1,0,0,2,0,1
68,#B0F427,0,1,0,1,0,1,1,0,0,0,0,1,0,1,1,1,1,0,2,0,1
190,#B0F427,0,0,1,2,0,0,1,0,0,0,0,1,0,1,0,0,1,0,2,0,1
23,#B0F427,0,2,0,2,0,1,0,2,0,0,1,1,0,1,0,0,0,0,2,0,1
359,#B0F427,0,2,1,1,0,0,1,0,0,0,0,1,0,0,1,0,0,0,2,0,1
9,#B0F427,0,1,0,1,0,0,0,1,0,0,1,1,0,0,0,1,1,2,2,0,1
151,#B0F427,0,1,1,1,0,0,1,1,0,0,0,1,0,1,0,1,1,2,2,0,1
397,#B0F427,0,0,0,1,0,0,0,1,0,0,1,1,0,1,0,0,1,1,2,0,1
714,#B0F427,0,1,0,1,0,0,1,1,0,0,0,2,0,0,0,0,1,1,2,0,1
154,#B0F427,0,0,0,1,0,1,0,0,0,0,0,1,0,0,1,1,0,1,2,0,1
174,#B0F427,0,0,0,1,0,0,0,0,0,0,0,0,0,0,0,0,0,1,2,0,1
26,#B0F427,0,1,0,1,0,0,0,1,0,0,0,2,0,0,0,2,0,0,2,0,1
352,#B0F427,0,1,0,1,0,1,1,1,0,0,0,1,0,0,0,2,0,1,2,0,1
312,#B0F427,1,1,0,1,0,1,1,0,0,1,1,0,0,0,0,0,0,1,2,0,1
545,#B0F427,1,0,0,1,0,0,1,0,0,0,0,1,0,0,0,0,2,1,2,0,1
122,#B0F427,0,1,0,1,0,0,1,0,0,1,0,1,0,1,0,0,1,0,2,0,1
362,#B0F427,0,1,0,2,0,2,1,0,0,1,0,1,0,1,0,0,1,0,2,0,1
292,#B0F427,0,1,0,1,0,1,2,0,0,1,0,0,0,1,0,0,2,1,2,0,1
8,#B0F427,0,1,1,1,0,1,0,0,0,0,0,1,0,0,0,0,0,1,2,0,1
351,#B0F427,0,1,0,1,0,1,0,0,0,1,1,1,0,0,0,1,0,1,2,0,1
1260,#1D79ED,0,0,0,1,2,0,2,0,0,1,1,0,1,0,0,0,1,1,0,1,0
1438,#1D79ED,0,1,0,1,0,1,1,0,0,1,1,1,1,0,0,0,2,1,0,1,0
1172,#1D79ED,0,1,0,0,0,2,2,0,0,1,1,1,0,0,0,1,1,1,0,1,0
1425,#1D79ED,0,1,0,0,1,0,1,1,0,1,1,0,0,1,0,1,1,0,0,1,0
1323,#1D79ED,0,1,0,1,0,2,1,0,0,1,1,0,0,1,0,1,2,0,0,1,0
1476,#1D79ED,0,1,0,0,0,0,0,1,0,1,1,1,0,1,0,2,2,2,0,1,0
895,#1D79ED,0,2,0,1,0,0,0,2,0,2,1,1,0,1,0,0,1,0,0,1,0
1179,#1D79ED,0,0,0,0,0,1,0,0,0,1,1,1,0,2,0,0,2,1,0,1,0
1282,#1D79ED,0,0,0,0,1,0,1,0,0,1,0,0,0,0,0,0,0,1,0,1,0
1247,#1D79ED,0,0,1,0,0,2,1,1,0,1,0,2,0,0,0,0,0,0,0,1,0
1397,#1D79ED,0,0,1,0,0,0,1,0,0,1,0,2,0,0,0,0,0,2,0,1,0
1441,#1D79ED,0,2,1,0,1,0,0,0,0,1,2,1,0,1,1,0,0,0,0,1,0
1246,#1D79ED,0,0,0,0,0,1,1,0,0,2,0,0,0,1,1,0,1,0,0,1,0
1280,#1D79ED,0,1,0,0,0,0,1,0,0,1,0,1,0,1,1,0,1,0,0,1,0
1518,#1D79ED,0,1,0,0,1,0,1,0,0,1,1,1,0,0,1,0,0,0,0,1,0
1265,#1D79ED,0,0,0,0,0,0,0,1,0,1,0,1,0,0,2,0,1,1,0,1,0
1522,#1D79ED,0,0,0,0,0,1,1,1,0,1,1,1,0,0,1,0,1,1,0,1,0
1366,#1D79ED,0,1,0,1,2,1,0,1,1,1,0,2,0,0,0,0,0,1,0,1,0
1481,#1D79ED,0,0,0,1,1,1,0,0,1,1,1,2,0,0,0,0,1,0,0,1,0
864,#1D79ED,0,1,0,0,0,1,1,0,1,1,0,1,0,1,1,1,2,1,0,1,0
1403,#1D79ED,0,1,0,0,0,0,0,0,1,1,0,1,0,1,1,0,1,0,0,1,0
1339,#1D79ED,0,1,1,1,1,1,1,1,1,1,2,0,0,1,0,1,2,1,0,1,0
1405,#1D79ED,0,1,0,0,0,0,0,0,2,1,0,1,0,1,0,1,2,0,0,1,0
905,#1D79ED,0,2,1,2,0,0,1,1,0,1,0,1,0,1,0,0,0,1,1,1,0
1426,#1D79ED,0,2,2,1,1,1,2,1,0,1,1,0,0,0,1,0,1,0,0,1,0
1516,#1D79ED,0,1,1,1,0,1,2,0,0,2,0,0,0,0,0,0,0,0,0,1,0
1419,#1D79ED,0,0,1,0,1,1,0,1,0,1,0,1,0,0,1,1,1,0,1,1,0
1116,#1D79ED,0,2,1,1,1,1,0,1,0,1,0,1,0,0,0,1,1,0,0,1,0
1447,#1D79ED,0,1,1,1,1,0,0,0,0,1,0,1,0,0,1,1,1,0,0,1,0
1209,#1D79ED,0,0,1,0,0,0,1,0,0,1,0,1,0,0,1,2,0,0,0,1,0
1385,#1D79ED,0,1,1,0,0,1,1,1,0,1,0,2,0,0,0,1,0,0,0,1,0
1063,#1D79ED,0,0,1,0,0,0,1,2,0,1,0,1,0,0,1,1,1,2,0,1,0
1446,#1D79ED,0,1,0,0,1,1,0,1,0,1,0,0,0,0,1,1,1,2,0,1,0
1593,#1D79ED,0,0,0,0,0,1,1,1,0,2,0,1,0,0,1,1,1,0,0,1,0
995,#1D79ED,0,1,0,0,0,1,0,1,0,1,0,2,0,2,0,2,2,0,1,1,0
1491,#1D79ED,0,2,0,0,0,0,0,0,0,1,0,0,0,2,0,1,1,0,1,1,0
1180,#1D79ED,0,1,0,1,0,0,1,2,0,1,0,2,0,1,0,2,0,0,1,1,0
1365,#1D79ED,0,0,0,1,0,0,1,1,0,1,0,1,0,1,0,2,1,0,1,1,0
1171,#1D79ED,0,0,0,0,1,0,1,0,0,1,0,0,0,1,2,0,2,0,1,1,0
921,#1D79ED,0,0,0,1,0,1,1,0,0,1,1,1,0,1,0,0,0,0,1,1,0
1214,#1D79ED,0,0,0,1,0,1,2,1,0,1,0,1,0,1,1,1,1,0,1,1,0
1346,#1D79ED,0,1,0,0,1,1,2,0,0,2,0,0,0,1,0,1,1,1,1,1,0
1197,#1D79ED,0,1,0,0,1,0,0,0,0,1,1,0,0,1,0,1,0,1,1,1,0
1463,#1D79ED,0,1,0,0,1,1,0,0,0,2,1,1,0,1,1,1,0,0,1,1,0
1496,#1D79ED,0,0,0,0,0,1,0,1,0,1,0,1,0,1,0,1,1,0,1,1,0
1448,#1D79ED,0,1,0,1,0,0,0,1,1,1,0,0,0,0,1,1,2,2,1,1,0
1494,#1D79ED,0,0,0,0,0,0,0,0,0,1,1,1,0,0,1,0,1,1,1,1,0
1523,#1D79ED,0,1,0,0,0,0,0,0,0,1,1,1,0,0,1,0,1,2,1,1,0
993,#1D79ED,0,1,0,0,0,1,0,1,0,1,2,0,0,0,0,0,1,0,1,1,0
1259,#1D79ED,0,0,0,0,0,0,0,2,0,1,1,1,0,0,0,0,0,0,1,1,0
1036,#1D79ED,0,1,0,1,1,1,0,0,0,1,1,1,0,0,2,1,2,1,0,1,0
1298,#1D79ED,0,0,0,1,0,2,0,1,0,1,0,2,0,0,0,0,1,1,1,1,0
471,#732143,0,0,0,0,0,2,2,1,0,1,0,1,1,0,1,2,0,0,1,0,1
698,#732143,0,0,0,0,1,2,2,1,0,0,0,1,1,0,1,1,2,0,0,0,1
468,#732143,1,1,0,0,0,1,2,1,0,0,0,1,1,0,1,1,0,0,1,0,1
483,#732143,0,0,0,1,0,1,2,2,0,0,0,0,2,1,1,0,0,2,0,0,1
647,#732143,0,1,1,0,0,1,1,0,0,1,0,1,1,0,0,1,1,0,0,0,1
743,#732143,0,0,1,0,0,0,0,1,0,0,1,1,1,0,0,1,1,0,0,0,1
439,#732143,0,1,1,0,0,0,0,0,0,0,0,1,1,1,1,0,1,0,0,0,1
626,#732143,0,0,1,0,0,1,0,0,0,0,0,1,1,1,1,0,0,0,1,0,1
433,#732143,0,0,1,0,0,0,1,0,0,0,0,0,1,0,0,0,2,1,0,0,1
663,#732143,0,1,1,1,0,1,0,0,0,0,0,0,1,0,0,1,0,0,0,0,1
414,#732143,0,0,1,0,0,0,1,0,0,0,0,1,1,2,1,0,1,0,0,0,1
489,#732143,0,1,1,2,0,1,1,1,0,0,0,1,1,1,1,0,0,0,0,0,1
480,#732143,0,1,1,1,1,1,1,0,0,0,0,1,1,1,0,0,2,1,1,0,1
486,#732143,0,2,1,0,1,2,2,1,0,0,0,1,1,0,0,0,2,1,1,0,1
655,#732143,0,0,0,0,0,0,1,1,0,1,0,1,1,0,0,0,0,2,1,0,1
702,#732143,0,1,1,0,0,0,1,1,0,1,1,1,1,0,1,0,1,1,1,0,1
612,#732143,0,0,0,0,1,1,2,0,0,0,1,1,1,0,0,1,2,0,0,0,1
1564,#732143,0,1,0,1,1,0,0,1,0,0,1,2,1,0,0,1,1,0,2,1,0
564,#732143,0,0,0,0,1,0,0,0,0,0,0,2,2,0,2,0,0,0,0,0,1
575,#732143,1,1,0,1,1,0,1,0,0,0,0,1,1,0,0,0,0,1,0,0,1
598,#732143,0,1,0,0,1,1,0,1,0,0,0,0,1,1,0,1,1,0,1,0,1
699,#732143,1,0,0,1,0,0,2,2,0,0,0,1,1,0,0,0,1,0,0,0,1
768,#732143,0,0,0,0,0,0,0,0,0,0,0,0,1,0,2,0,1,0,0,0,1
770,#732143,0,1,0,0,0,1,2,1,0,0,0,0,1,0,0,0,0,0,0,0,1
463,#732143,0,1,1,1,0,1,2,0,0,0,0,1,1,0,0,1,1,0,1,0,1
676,#732143,0,1,0,1,0,1,0,1,0,0,0,0,1,0,0,1,0,1,1,0,1
686,#732143,0,0,0,1,0,2,0,0,0,0,0,1,1,0,0,0,1,0,1,0,1
732,#732143,0,1,0,1,0,2,0,0,0,0,0,1,1,0,1,0,0,0,0,0,1
508,#732143,0,1,0,1,0,1,0,1,0,0,0,1,1,1,0,1,2,0,0,0,1
609,#732143,0,1,0,1,0,0,0,1,0,0,0,1,1,1,0,2,0,1,0,0,1
771,#732143,0,1,0,1,0,1,0,0,0,0,1,0,1,1,0,1,0,1,0,0,1
658,#732143,0,1,0,0,0,2,2,1,0,2,2,2,0,0,0,0,0,0,0,0,1
447,#732143,0,1,0,0,0,2,2,0,0,1,0,1,0,0,0,1,0,0,0,0,1
467,#732143,0,1,0,0,0,0,2,0,0,1,0,0,0,2,0,0,1,0,0,0,1
580,#732143,0,1,0,1,0,0,2,0,0,0,0,2,0,0,0,0,0,1,0,0,1
444,#732143,0,0,0,1,0,1,2,0,0,0,0,0,0,0,0,0,1,0,0,0,1
762,#732143,0,0,0,0,0,1,2,0,0,1,1,1,0,0,0,1,0,0,0,0,1
519,#732143,0,0,0,1,0,0,2,2,0,0,0,1,0,0,0,0,0,2,1,0,1
521,#732143,0,0,0,1,0,1,2,0,0,0,0,1,0,0,2,0,2,0,0,0,1
652,#732143,0,0,0,0,0,1,2,1,0,1,0,1,0,1,0,1,1,1,1,0,1
759,#732143,1,0,0,0,0,1,2,0,0,0,0,0,0,1,0,0,1,0,1,0,1
646,#732143,0,1,0,1,0,1,2,0,0,0,0,2,0,0,0,1,0,0,1,0,1
758,#732143,0,2,0,0,0,0,2,2,0,0,0,0,0,0,0,1,0,0,1,0,1
631,#732143,1,1,0,0,0,0,0,0,0,0,0,0,0,1,2,0,0,1,0,0,1
624,#732143,1,1,0,0,0,1,0,0,0,0,0,1,0,0,0,1,1,0,0,0,1
694,#732143,1,1,0,0,0,1,0,2,0,0,0,0,0,0,0,1,1,0,0,0,1
585,#732143,0,2,1,0,0,1,0,2,0,1,0,0,0,0,2,0,1,1,1,0,1
737,#732143,0,1,1,0,0,1,0,0,0,1,1,1,0,1,2,1,2,1,1,0,1
763,#732143,0,1,1,0,0,1,2,0,0,1,1,1,0,1,0,0,1,2,1,0,1
656,#732143,1,1,0,0,0,1,1,1,0,0,0,0,0,0,2,0,0,0,1,0,1
671,#732143,1,1,0,1,0,1,0,1,0,0,0,0,0,1,0,1,1,0,1,0,1
724,#732143,0,1,0,1,0,1,0,1,0,0,0,1,0,0,0,1,0,0,1,0,1
669,#732143,0,0,1,0,0,2,0,0,0,1,0,1,0,1,0,1,2,1,1,0,1
558,#732143,0,0,1,0,0,1,0,1,0,1,0,0,0,0,0,0,2,2,0,0,1
662,#732143,0,0,1,0,0,1,1,0,0,1,0,1,0,0,0,0,1,1,1,0,1
725,#732143,0,0,1,0,0,1,0,1,0,1,0,0,0,0,0,0,1,0,0,0,1
635,#732143,1,1,1,0,0,0,1,1,0,1,0,1,0,1,2,0,2,0,0,0,1
606,#732143,0,1,1,0,0,0,2,2,0,1,0,0,0,0,0,0,0,0,1,0,1
464,#732143,0,1,1,0,0,1,0,1,0,1,0,1,0,1,0,1,0,0,1,0,1
712,#732143,0,1,0,1,0,1,0,1,0,0,0,0,0,1,0,1,0,0,1,0,1
793,#732143,2,1,0,0,0,0,0,0,0,0,0,1,0,0,1,0,1,0,0,0,1
426,#732143,2,1,0,1,0,0,0,1,0,0,0,2,0,0,0,0,1,2,0,0,1
790,#732143,2,1,0,1,0,0,0,0,0,0,0,0,0,0,0,0,0,0,0,0,1
595,#732143,0,2,0,0,0,1,1,0,0,1,0,1,0,0,0,1,2,0,1,0,1
649,#732143,0,1,0,0,0,1,0,0,0,1,0,1,0,0,1,0,0,0,0,0,1
695,#732143,0,1,0,0,0,0,1,0,0,1,0,0,0,0,0,1,1,1,0,0,1
553,#732143,0,1,0,0,0,0,1,2,0,0,2,1,0,0,0,0,2,2,0,0,1
767,#732143,0,1,0,0,0,0,1,1,0,1,2,1,0,1,0,0,0,0,0,0,1
561,#732143,1,1,0,0,0,1,1,1,0,0,1,0,0,1,0,0,2,0,0,0,1
504,#732143,1,1,0,0,0,1,1,1,0,0,0,1,0,0,0,0,2,0,0,0,1
570,#732143,0,1,0,0,0,0,1,1,0,0,0,1,0,0,0,0,2,1,1,0,1
502,#732143,0,1,0,0,0,0,0,2,0,0,0,1,0,1,0,1,0,1,0,0,1
782,#732143,0,2,0,0,0,1,0,1,0,0,0,1,0,0,0,0,2,0,1,0,1
432,#732143,0,1,0,0,0,1,0,0,0,0,1,0,0,0,0,0,2,1,0,0,1
654,#732143,0,1,0,0,0,2,0,0,0,0,1,0,0,0,0,0,0,1,0,0,1
534,#732143,0,1,0,0,0,1,0,0,0,0,1,1,0,1,0,2,0,0,0,0,1
503,#732143,0,2,0,1,0,0,0,1,0,0,1,1,0,0,0,1,2,0,0,0,1
408,#732143,1,1,0,1,0,1,1,0,0,0,0,1,0,0,0,0,0,0,0,0,1
611,#732143,0,1,0,0,0,0,1,1,0,0,1,0,0,0,0,1,2,0,0,0,1
674,#732143,0,1,0,0,0,0,1,0,0,0,1,0,0,0,0,0,0,0,0,0,1
466,#732143,0,0,0,0,0,1,1,0,0,0,0,1,0,1,0,1,0,0,1,0,1
633,#732143,0,0,0,0,0,1,1,1,0,1,1,0,0,1,0,1,2,0,0,0,1
535,#732143,1,0,1,0,0,0,0,1,0,1,0,1,0,1,0,1,2,0,0,0,1
546,#732143,1,0,1,1,0,0,0,0,0,0,1,1,0,0,0,0,2,0,0,0,1
547,#732143,0,0,0,1,0,2,1,2,0,0,0,1,0,0,0,1,1,0,0,0,1
648,#732143,0,0,0,0,0,2,1,1,0,0,0,1,0,0,0,0,1,0,1,0,1
488,#732143,0,0,0,0,0,0,1,0,0,0,0,0,0,0,0,2,0,1,0,0,1
641,#732143,0,0,0,1,0,1,1,0,0,0,0,1,0,1,0,2,2,2,0,0,1
586,#732143,0,0,1,1,0,1,1,1,0,0,0,1,0,0,0,1,2,1,1,0,1
588,#732143,0,0,0,0,0,1,0,1,0,0,0,1,0,0,0,0,2,0,0,0,1
696,#732143,0,0,0,0,0,1,0,2,0,0,0,0,0,0,0,0,0,0,1,0,1
746,#732143,0,0,0,1,0,1,1,0,0,0,2,1,0,2,0,2,1,0,1,0,1
473,#732143,0,1,1,1,0,1,1,1,0,0,1,1,0,0,0,1,1,0,0,0,1
659,#732143,0,1,1,1,0,1,1,1,0,0,2,1,0,0,0,1,1,0,0,0,1
736,#732143,0,2,1,0,0,1,1,0,0,0,0,0,0,0,0,1,1,0,0,0,1
446,#732143,0,1,1,0,0,1,1,0,0,0,0,0,0,0,0,0,1,0,1,0,1
766,#732143,0,1,1,1,0,1,1,0,0,0,0,1,0,0,0,0,1,0,0,0,1
777,#732143,0,1,1,2,0,1,1,0,0,0,0,1,0,0,0,1,1,0,1,0,1
458,#732143,0,0,1,0,0,0,1,1,0,0,0,0,0,0,0,1,1,0,1,0,1
660,#732143,0,1,1,0,0,0,2,0,0,0,0,0,0,0,0,1,1,0,1,0,1
451,#732143,0,1,0,1,0,0,0,2,0,0,1,0,0,0,2,2,1,0,0,0,1
496,#732143,0,0,0,0,0,1,0,1,0,0,0,1,0,1,2,0,1,0,0,0,1
636,#732143,0,0,0,0,0,0,0,1,0,0,1,1,0,0,2,1,1,1,0,0,1
583,#732143,0,2,0,1,0,1,1,0,0,0,1,0,0,2,0,0,0,0,0,0,1
495,#732143,0,2,0,2,0,0,1,0,0,0,1,1,0,0,0,0,1,0,1,0,1
599,#732143,0,1,0,2,0,1,1,1,0,0,0,1,0,0,0,0,1,0,0,0,1
438,#732143,0,1,0,0,0,1,1,1,0,0,0,1,0,1,0,1,1,2,1,0,1
728,#732143,0,1,0,0,0,0,1,1,0,0,0,0,0,0,0,1,1,0,1,0,1
427,#732143,0,2,0,0,0,0,1,0,0,0,0,1,0,0,0,1,1,0,1,0,1
415,#732143,0,1,0,0,0,1,1,0,0,0,0,1,0,0,0,1,1,1,0,0,1
552,#732143,0,1,0,0,0,1,1,0,0,0,0,0,0,0,0,1,1,0,1,0,1
572,#732143,0,1,1,0,0,1,1,1,0,0,1,0,0,0,0,0,1,1,0,0,1
670,#732143,0,2,0,1,0,1,0,1,0,0,1,1,0,0,0,1,1,1,0,0,1
411,#732143,0,1,0,1,0,1,1,1,0,0,1,1,0,0,0,0,1,1,0,0,1
718,#732143,0,1,0,1,0,1,1,1,0,0,0,1,0,1,0,0,1,1,0,0,1
577,#732143,0,0,0,0,0,1,1,0,0,0,0,0,0,1,0,1,1,1,1,0,1
753,#732143,0,0,0,0,0,0,0,0,0,0,1,1,0,0,0,1,1,1,1,0,1
569,#732143,0,1,0,0,0,0,0,1,0,0,0,0,0,1,0,0,1,0,0,0,1
403,#732143,0,1,0,0,0,0,0,0,0,0,0,1,0,0,0,0,1,0,0,0,1
484,#732143,0,1,0,0,0,0,1,0,0,0,0,1,0,0,0,0,1,1,0,0,1
726,#732143,0,1,0,0,0,0,1,1,0,0,0,1,0,1,0,0,1,1,0,0,1
754,#732143,0,2,1,0,0,0,2,0,0,0,0,2,0,0,0,0,2,0,1,0,1
761,#732143,0,1,0,0,0,1,1,1,0,0,0,2,0,0,2,1,0,0,0,0,1
507,#732143,0,2,0,1,0,0,1,1,0,0,1,2,0,0,0,0,0,2,0,0,1
645,#732143,0,1,0,1,0,1,1,1,0,0,0,2,0,0,0,0,0,1,0,0,1
739,#732143,0,0,0,0,0,1,0,1,0,0,1,2,0,1,0,0,0,0,0,0,1
505,#732143,0,0,1,1,0,0,2,0,0,0,1,2,0,0,0,1,1,1,1,0,1
781,#732143,1,0,0,0,0,1,0,0,0,0,0,2,0,0,0,0,1,0,0,0,1
709,#732143,1,0,1,1,0,2,1,0,0,0,0,2,0,0,2,1,1,1,1,0,1
462,#732143,0,0,0,1,0,0,1,0,0,0,0,2,0,0,0,1,1,1,1,0,1
713,#732143,0,1,0,0,0,0,1,0,0,0,0,2,0,0,0,1,1,1,1,0,1
596,#732143,0,2,0,0,1,0,0,1,0,1,1,2,0,0,0,0,0,1,0,0,1
637,#732143,0,1,0,0,1,0,1,1,0,0,1,2,0,0,0,1,2,1,0,0,1
755,#732143,0,1,0,0,1,0,1,1,0,1,1,2,0,0,0,0,1,0,0,0,1
795,#732143,0,1,0,0,1,0,1,1,0,0,0,2,0,0,0,0,1,0,0,0,1
722,#732143,0,2,0,0,1,1,1,0,0,0,0,1,0,0,2,0,0,0,1,0,1
567,#732143,0,2,0,0,0,0,1,0,0,0,0,2,0,1,2,0,1,0,1,0,1
454,#732143,0,1,0,1,1,1,0,1,0,0,0,2,0,0,2,1,2,0,1,0,1
528,#732143,0,1,1,1,1,0,2,1,0,0,1,2,0,1,0,0,1,1,1,0,1
747,#732143,0,0,2,0,2,1,0,1,0,0,0,0,0,0,0,1,2,0,0,0,1
706,#732143,0,0,0,0,1,0,1,1,0,0,2,1,0,0,0,1,0,0,0,0,1
740,#732143,0,1,0,1,1,0,0,0,0,0,0,1,0,1,0,0,0,0,0,0,1
405,#732143,0,1,0,1,1,0,1,1,0,0,0,0,0,0,0,0,0,0,0,0,1
556,#732143,0,1,0,1,1,0,1,0,0,0,0,1,0,0,0,1,0,0,0,0,1
773,#732143,1,1,0,0,1,1,1,1,0,0,1,1,0,0,0,0,1,1,1,0,1
591,#732143,1,1,0,0,1,2,0,0,0,0,1,0,0,1,0,0,1,1,1,0,1
707,#732143,0,1,0,0,1,1,0,0,0,0,1,1,0,0,0,0,0,1,1,0,1
401,#732143,1,1,0,0,2,0,0,0,0,0,1,0,0,0,0,1,0,1,0,0,1
465,#732143,0,1,0,1,1,1,2,0,0,0,1,0,0,1,0,0,2,1,0,0,1
765,#732143,1,1,1,0,1,1,0,1,0,0,1,1,0,0,0,1,1,1,0,0,1
710,#732143,0,1,0,0,2,1,1,0,0,0,0,1,0,0,2,0,1,1,0,0,1
525,#732143,0,1,0,0,1,1,0,0,0,0,0,1,0,0,0,0,1,0,1,0,1
532,#732143,0,1,0,0,1,1,0,1,0,0,0,1,0,0,0,0,1,2,0,0,1
593,#732143,0,1,0,0,1,1,0,0,0,0,0,1,0,0,0,0,1,1,0,0,1
479,#732143,0,0,0,0,1,0,2,0,0,0,1,1,0,0,0,1,1,0,1,0,1
559,#732143,1,1,0,1,1,1,0,0,0,0,0,1,0,0,0,1,1,0,0,0,1
524,#732143,0,0,0,0,1,0,0,0,0,0,0,1,0,0,0,1,1,1,0,0,1
642,#732143,0,0,0,0,2,0,1,0,0,0,0,1,0,0,0,1,1,0,1,0,1
540,#732143,0,0,0,1,1,0,1,1,0,0,1,0,0,0,0,0,1,1,1,0,1
693,#732143,1,1,0,1,1,1,1,1,0,0,0,0,0,0,0,0,2,1,0,0,1
788,#732143,0,1,0,0,1,0,0,1,0,0,1,0,0,1,0,1,1,0,0,0,1
780,#732143,0,1,0,1,1,0,1,0,0,0,0,1,0,1,0,1,1,2,0,0,1
487,#732143,0,1,0,1,1,1,1,0,0,0,1,0,0,0,0,1,1,0,0,0,1
601,#732143,0,1,0,1,1,0,1,0,0,0,1,1,0,0,0,1,1,1,0,0,1
429,#732143,0,0,0,2,1,0,2,1,0,0,1,1,0,1,2,2,0,0,0,0,1
492,#732143,0,0,0,0,1,1,2,1,0,0,0,0,0,1,0,1,2,1,0,0,1
730,#732143,0,0,0,0,1,1,2,0,0,0,0,1,0,0,0,0,0,0,0,0,1
497,#732143,1,2,0,0,1,1,0,0,0,0,0,1,0,1,0,1,0,0,0,0,1
794,#732143,0,1,0,1,1,1,2,1,0,0,0,1,0,0,0,0,2,0,1,0,1
731,#732143,1,0,2,0,1,0,0,1,0,0,0,1,0,2,2,0,0,1,1,0,1
407,#732143,0,0,0,1,1,0,2,1,0,0,1,0,0,1,2,0,1,0,0,0,1
493,#732143,0,0,0,0,1,0,1,0,0,0,0,1,0,1,2,0,1,0,1,0,1
526,#732143,0,1,1,0,1,1,1,1,0,0,0,2,0,1,0,0,1,0,0,0,1
474,#732143,0,1,1,0,1,1,0,0,0,0,0,1,0,0,0,0,1,0,0,0,1
560,#732143,0,1,1,0,1,0,1,0,0,0,0,1,0,0,0,0,1,0,0,0,1
723,#732143,0,0,1,0,1,0,1,0,0,0,0,1,0,0,1,0,0,0,1,0,1
453,#732143,0,0,1,0,1,0,1,0,0,0,0,1,0,1,0,1,2,0,0,0,1
678,#732143,0,1,1,0,1,0,0,0,0,0,0,1,0,1,0,0,2,0,1,0,1
457,#732143,0,2,1,2,1,1,0,0,0,0,0,0,0,0,0,1,1,1,0,0,1
764,#732143,0,1,1,1,1,0,0,1,0,0,0,0,0,0,0,0,1,1,0,0,1
665,#732143,0,2,1,1,2,0,0,0,0,0,0,1,0,0,1,0,0,0,0,0,1
748,#732143,0,2,1,1,1,0,0,0,0,0,0,1,0,2,0,0,0,0,1,0,1
544,#732143,0,1,0,1,1,0,2,1,0,1,1,0,0,1,0,1,2,1,1,0,1
638,#732143,0,1,0,1,1,2,0,2,0,0,1,1,0,1,0,1,2,0,1,0,1
727,#732143,1,2,0,1,1,1,0,1,0,0,0,1,0,1,0,1,0,0,1,0,1
470,#732143,0,1,1,0,1,0,0,2,0,1,1,1,0,0,0,1,0,0,0,0,1
610,#732143,1,1,0,1,1,1,2,1,0,1,0,0,0,0,0,1,0,0,0,0,1
680,#732143,0,2,1,0,2,2,0,0,0,0,2,1,0,1,0,0,1,1,1,0,1
579,#732143,0,0,0,1,2,0,1,0,0,0,2,1,0,1,0,0,1,0,1,0,1
445,#732143,0,1,0,0,1,1,1,0,0,0,2,1,0,0,0,2,1,1,1,0,1
742,#732143,0,1,1,0,1,0,0,2,0,0,2,0,0,1,0,2,1,0,0,0,1
271,#16FF78,0,1,0,0,0,0,0,0,0,1,1,2,1,0,1,1,0,0,2,1,1
395,#16FF78,0,2,0,0,0,1,1,0,0,1,0,0,1,0,1,0,1,1,2,1,1
179,#16FF78,0,0,1,0,0,1,0,1,0,1,0,2,0,1,0,0,2,1,2,1,1
341,#16FF78,0,1,0,0,0,0,1,1,0,1,0,1,0,0,1,1,0,1,2,2,1
156,#16FF78,0,1,1,0,0,1,0,1,0,1,0,1,0,0,0,0,2,2,2,1,1
223,#16FF78,0,1,0,0,0,1,2,0,0,1,0,1,0,0,0,0,0,2,2,2,1
126,#16FF78,0,0,0,0,0,2,2,2,0,1,1,1,0,0,1,0,1,0,2,2,1
165,#16FF78,0,0,0,0,0,1,1,0,0,0,0,1,0,0,2,0,1,0,2,1,1
262,#16FF78,0,1,1,0,0,1,1,1,0,1,1,1,0,0,2,0,1,0,2,1,1
28,#16FF78,0,0,0,0,0,1,0,0,0,1,1,0,0,0,0,1,0,0,2,1,1
390,#16FF78,0,2,0,0,0,1,2,0,0,1,1,0,0,1,2,1,1,0,2,1,1
139,#16FF78,0,0,2,1,0,0,0,1,0,0,0,1,0,1,0,1,1,1,2,2,1
243,#16FF78,0,0,1,1,0,0,0,0,0,0,0,0,0,1,0,0,1,1,2,1,1
103,#16FF78,0,2,0,1,0,1,2,0,0,0,0,1,0,0,0,0,2,1,2,1,1
216,#16FF78,0,0,0,1,0,2,2,1,0,0,0,1,0,0,0,1,1,1,2,1,1
245,#16FF78,0,1,1,1,0,1,1,0,0,0,0,1,0,0,0,0,2,1,2,1,1
299,#16FF78,0,1,1,1,0,2,0,0,0,0,0,0,0,0,0,0,1,2,2,1,1
360,#16FF78,0,0,0,1,0,2,1,0,0,0,1,0,0,0,1,0,1,1,2,1,1
224,#16FF78,0,1,0,1,0,2,1,0,0,0,0,1,0,2,1,0,2,0,2,1,1
44,#16FF78,0,1,0,1,0,1,2,1,0,0,0,1,0,0,0,0,1,0,2,1,1
197,#16FF78,0,1,0,2,0,0,1,1,0,0,0,1,0,0,1,1,1,0,2,1,1
110,#16FF78,0,1,1,1,0,0,1,1,0,0,0,1,0,0,0,0,1,0,2,1,1
155,#16FF78,0,1,1,1,0,0,0,0,0,0,0,0,0,0,0,0,1,0,2,1,1
246,#16FF78,0,0,0,1,0,0,1,0,0,0,1,2,0,1,1,1,1,0,2,1,1
90,#16FF78,0,0,0,1,0,2,1,1,0,0,1,2,0,0,0,2,2,0,2,1,1
313,#16FF78,0,0,0,1,0,0,1,1,0,0,1,1,0,0,1,2,0,0,2,2,1
211,#16FF78,0,1,1,0,0,1,2,1,0,0,0,1,1,1,1,1,2,0,2,1,1
263,#16FF78,0,1,0,0,0,1,2,2,0,0,1,0,0,1,2,0,1,0,2,1,1
99,#16FF78,0,2,0,0,0,1,2,1,0,0,1,2,0,0,0,1,2,0,2,1,1
247,#16FF78,0,1,0,0,0,1,2,0,0,0,1,0,0,1,0,2,1,0,2,2,1
265,#16FF78,0,1,0,0,0,0,1,1,0,0,0,1,0,2,0,0,0,2,2,1,1
327,#16FF78,0,2,1,0,0,0,0,1,0,0,1,1,0,1,0,0,2,2,2,1,1
17,#16FF78,0,0,0,0,0,1,0,0,0,0,0,1,0,1,0,0,1,1,2,1,1
141,#16FF78,0,2,0,0,0,0,1,1,0,0,2,1,0,1,1,0,0,1,2,1,1
172,#16FF78,0,2,0,0,0,1,0,0,0,0,0,1,0,0,1,0,0,1,2,1,1
65,#16FF78,0,0,1,0,0,2,1,1,0,0,0,0,0,0,0,1,0,1,2,2,1
388,#16FF78,0,0,0,0,0,2,0,0,0,0,1,0,0,0,1,1,0,1,2,1,1
149,#16FF78,0,0,0,0,0,2,0,1,0,0,0,1,0,0,0,0,1,1,2,1,1
109,#16FF78,0,1,0,0,0,1,0,0,0,0,1,1,0,0,1,0,0,1,2,1,1
83,#16FF78,0,1,0,0,0,1,0,0,0,0,0,1,0,0,1,1,1,1,2,1,1
381,#16FF78,0,1,0,0,0,0,1,0,0,0,0,1,0,0,0,0,1,1,2,1,1
270,#16FF78,0,1,0,0,0,1,0,2,0,0,0,0,0,0,1,2,1,0,2,1,1
60,#16FF78,0,1,1,0,0,0,1,1,0,0,0,1,0,0,0,1,0,0,2,1,1
79,#16FF78,0,1,2,0,0,0,1,0,0,0,0,1,0,0,0,0,0,0,2,1,1
254,#16FF78,0,1,2,0,0,0,1,1,0,0,0,1,0,0,0,1,0,0,2,1,1
74,#16FF78,0,1,0,0,0,1,0,1,0,0,0,0,0,0,0,1,1,0,2,1,1
175,#16FF78,0,1,1,0,0,2,1,1,0,0,1,2,0,0,0,0,1,0,2,1,1
38,#16FF78,0,0,0,0,0,0,0,0,0,0,0,0,0,1,1,0,2,0,2,1,1
379,#16FF78,0,1,1,0,0,0,1,0,0,0,1,2,0,1,1,0,2,0,2,1,1
276,#16FF78,0,2,1,0,0,0,0,0,0,0,0,1,0,0,0,0,2,0,2,1,1
31,#16FF78,0,0,0,0,0,0,1,0,0,0,0,0,0,0,1,1,0,0,2,1,1
239,#16FF78,0,0,0,0,0,0,1,0,0,0,1,0,0,0,0,1,0,0,2,1,1
4,#16FF78,0,1,0,0,0,0,1,0,0,0,1,2,0,0,0,0,1,0,2,1,1
207,#16FF78,0,0,0,0,0,1,1,0,0,0,1,2,0,0,0,0,2,0,2,1,1
94,#16FF78,0,0,0,0,0,0,1,1,0,0,2,2,0,0,0,0,1,0,2,1,1
357,#16FF78,0,0,0,0,0,0,1,2,0,0,1,0,0,0,1,0,2,0,2,1,1
206,#16FF78,0,0,0,1,0,1,0,0,1,0,2,1,0,0,0,2,0,0,2,1,1
212,#16FF78,0,1,0,0,0,1,1,1,1,0,0,1,0,1,2,0,2,1,2,1,1
302,#16FF78,0,0,0,0,0,0,0,2,1,0,0,1,0,1,1,1,1,0,2,1,1
309,#16FF78,0,0,0,0,0,1,0,0,1,0,0,1,0,2,1,1,0,0,2,1,1
279,#16FF78,0,1,0,0,0,1,0,2,1,0,1,1,0,0,0,0,1,0,2,2,1
315,#16FF78,0,0,0,0,0,1,2,0,1,0,1,1,0,0,0,0,1,1,2,1,1
36,#16FF78,0,1,0,0,0,1,0,0,1,1,0,1,0,0,0,1,1,1,2,2,1
317,#16FF78,0,1,0,0,0,1,2,0,1,1,0,2,0,0,1,0,1,1,2,2,1
809,#16FF78,0,0,1,1,0,1,0,0,1,0,0,1,0,1,0,1,1,2,1,0,0
214,#16FF78,0,1,0,1,0,0,2,2,1,1,0,1,0,1,1,0,1,1,2,1,1
253,#16FF78,0,1,0,1,0,2,0,1,1,1,0,1,0,0,1,1,2,2,2,1,1
919,#16FF78,1,0,0,0,0,1,1,0,1,0,0,1,0,1,2,0,1,0,1,0,0
1129,#16FF78,1,0,0,0,0,1,1,0,0,0,0,1,0,1,0,1,1,1,1,0,0
132,#16FF78,1,2,0,1,0,1,1,0,2,1,0,1,0,0,0,1,1,0,2,2,1
310,#16FF78,1,0,0,2,0,1,0,1,1,0,0,2,0,0,0,0,1,0,2,1,1
333,#16FF78,1,0,1,0,0,0,1,0,2,0,0,0,0,0,0,0,1,0,2,1,1
287,#18E08A,0,2,0,1,1,1,0,0,1,0,0,2,0,0,1,0,1,0,2,0,1
330,#18E08A,0,0,0,0,1,1,0,0,1,1,0,2,0,0,1,1,2,0,2,0,1
424,#18E08A,0,1,0,0,1,1,2,1,1,0,1,2,0,0,1,1,0,0,2,0,1
369,#18E08A,0,1,1,1,1,1,1,1,2,0,0,1,0,0,2,1,1,0,2,0,1
66,#18E08A,0,1,0,0,1,1,0,0,2,0,0,0,0,1,2,0,0,0,2,0,1
37,#18E08A,0,0,1,0,1,1,1,0,1,0,1,1,0,1,2,0,1,0,2,0,1
275,#18E08A,0,2,0,0,1,1,1,1,1,0,0,0,0,0,2,0,1,1,2,0,1
337,#18E08A,0,1,0,0,2,0,2,0,1,0,1,1,0,1,0,0,1,1,2,0,1
95,#18E08A,0,1,0,0,1,0,2,1,1,0,0,1,0,0,0,0,1,1,2,0,1
231,#18E08A,0,0,0,0,1,1,2,0,2,0,1,1,0,0,0,0,1,1,2,0,1
19,#18E08A,0,0,1,0,1,2,1,0,1,0,0,0,0,1,1,1,0,0,2,0,1
123,#18E08A,0,2,0,0,1,0,1,1,1,0,1,1,0,0,0,1,2,1,2,0,1
144,#18E08A,0,0,0,0,1,1,0,2,1,0,1,1,0,1,1,0,2,0,2,0,1
2,#18E08A,0,1,0,0,1,0,1,0,1,0,0,2,0,0,0,0,1,0,2,0,1
140,#18E08A,0,1,0,0,1,1,0,0,2,0,1,1,0,1,0,1,1,0,2,0,1
361,#18E08A,0,1,1,1,1,0,0,1,1,1,0,0,0,0,1,0,1,0,2,0,1
374,#18E08A,0,2,0,0,1,0,0,1,1,1,2,1,0,1,0,2,2,1,2,0,1
322,#18E08A,0,1,0,0,1,1,2,2,1,0,0,2,1,0,0,0,2,0,2,0,1
1422,#18E08A,0,1,0,0,0,1,1,1,1,0,0,1,1,1,1,0,1,1,0,1,0
1547,#18E08A,0,0,2,0,1,0,0,1,1,0,0,1,1,1,1,0,0,0,0,1,0
1383,#18E08A,0,1,1,1,0,2,0,1,1,0,0,0,1,0,0,0,1,0,0,1,0
1077,#18E08A,0,1,0,1,1,0,0,0,1,0,1,2,1,0,1,0,1,0,0,1,0
1581,#18E08A,0,0,0,1,1,1,1,0,1,0,1,0,1,0,1,0,1,1,0,1,0
1490,#18E08A,0,0,0,1,0,1,0,2,1,0,1,2,1,1,0,0,0,0,0,1,0
1590,#18E08A,0,1,0,1,0,0,1,1,1,0,1,0,1,0,0,0,1,1,0,1,0
1458,#18E08A,0,1,0,0,0,0,0,0,1,0,1,0,1,0,0,0,2,1,0,1,0
976,#18E08A,0,1,0,0,1,0,0,0,1,0,0,1,1,0,0,0,0,1,0,1,0
1502,#18E08A,0,0,0,0,0,0,0,1,1,0,1,1,1,0,0,0,0,1,0,1,0
1331,#18E08A,0,0,1,0,0,1,0,0,1,0,1,0,0,1,1,0,0,1,0,1,0
1054,#18E08A,0,0,1,0,1,1,0,0,1,0,1,0,0,0,0,0,0,0,0,1,0
1166,#18E08A,0,1,1,0,1,0,1,0,1,0,0,1,0,0,1,0,1,1,0,1,0
1399,#18E08A,0,1,1,0,0,0,1,1,1,0,0,1,0,0,0,0,0,0,0,1,0
1473,#18E08A,0,0,0,0,0,1,0,0,1,0,1,2,0,2,1,0,1,0,0,1,0
1203,#18E08A,0,1,0,0,0,1,1,2,1,0,1,0,0,0,1,0,1,0,0,1,0
1357,#18E08A,0,2,0,0,0,0,1,1,1,0,0,1,0,1,1,0,0,1,0,1,0
807,#18E08A,0,1,0,1,0,1,1,0,1,0,1,1,0,0,1,0,0,0,0,1,0
1577,#18E08A,0,1,0,0,0,1,0,1,1,0,0,1,0,0,1,0,2,2,0,1,0
1572,#18E08A,0,1,0,0,1,0,0,1,1,0,1,0,0,0,0,2,1,1,0,1,0
1286,#18E08A,0,1,0,0,1,0,1,1,1,0,0,1,0,0,0,1,1,1,0,1,0
1304,#18E08A,0,1,0,0,1,1,1,0,1,0,0,1,0,1,0,1,0,1,0,1,0
1050,#18E08A,0,0,0,0,0,0,0,0,1,0,1,1,0,1,1,1,1,0,0,1,0
1314,#18E08A,0,1,0,0,0,1,1,2,1,0,0,1,0,0,1,1,2,0,0,1,0
1110,#18E08A,0,1,0,0,1,0,1,0,1,0,0,1,0,0,1,1,1,0,0,1,0
1427,#18E08A,0,1,0,0,0,0,1,1,1,0,0,1,0,0,1,1,0,0,0,1,0
1567,#18E08A,0,0,1,0,0,1,2,1,1,0,1,0,0,0,0,1,2,2,0,1,0
1039,#18E08A,0,0,1,0,0,1,1,1,1,0,0,0,0,0,1,1,2,1,0,1,0
1555,#18E08A,0,1,1,0,1,0,1,2,1,0,0,0,0,0,1,1,1,0,0,1,0
981,#18E08A,0,0,0,1,1,0,1,1,1,0,0,2,0,0,0,2,0,0,0,1,0
918,#18E08A,0,1,0,1,0,0,1,0,1,0,0,2,0,0,0,1,2,0,0,1,0
1394,#18E08A,0,0,0,1,0,1,0,0,1,0,0,0,0,0,0,1,2,0,0,1,0
1196,#18E08A,0,1,0,2,0,0,2,1,1,0,0,1,0,0,0,1,2,1,0,1,0
1546,#18E08A,0,1,0,1,0,0,2,0,1,0,1,0,0,0,0,1,1,1,0,1,0
1248,#18E08A,0,0,0,0,2,1,0,2,1,0,0,0,0,0,0,0,0,1,0,1,0
1342,#18E08A,0,0,0,0,1,0,2,0,1,0,0,0,0,0,0,0,0,0,0,1,0
291,#18E08A,0,1,0,1,1,0,1,1,2,0,0,1,0,0,0,0,0,1,2,0,1
1552,#18E08A,0,0,0,0,0,0,2,2,1,0,1,2,0,1,0,1,0,1,0,1,0
1176,#B2AAC3,0,1,0,1,0,0,1,1,1,0,0,1,0,2,0,1,2,1,1,0,0
865,#B2AAC3,0,0,0,1,0,0,2,1,0,0,0,1,1,1,2,1,1,1,1,0,0
1053,#B2AAC3,0,0,0,1,1,0,1,1,0,0,1,2,0,0,0,0,0,0,1,0,0
1076,#B2AAC3,0,1,0,0,0,0,2,1,1,1,0,2,0,0,0,0,0,0,1,0,0
856,#B2AAC3,0,0,0,1,0,0,1,0,0,0,1,1,0,0,0,0,2,1,1,0,0
1072,#B2AAC3,0,2,0,1,0,0,2,0,0,0,0,2,0,0,0,1,1,0,1,0,0
815,#B2AAC3,0,1,0,0,0,1,0,1,0,0,0,1,0,0,2,0,1,0,1,0,0
858,#B2AAC3,0,1,0,0,0,1,0,1,0,0,1,2,0,0,2,0,1,1,1,0,0
855,#B2AAC3,0,0,0,0,0,1,0,0,0,1,1,0,0,0,0,0,1,1,1,0,0
860,#B2AAC3,0,0,0,0,0,1,1,0,1,1,0,0,0,0,1,0,1,0,1,0,0
869,#B2AAC3,0,0,0,1,0,2,1,2,1,1,1,0,0,0,1,1,0,0,1,0,0
1187,#B2AAC3,0,1,0,2,1,1,1,1,0,0,0,1,0,0,1,1,0,0,1,0,0
866,#B2AAC3,0,1,0,1,0,1,1,1,0,0,0,0,0,0,1,1,1,0,1,0,0
1161,#B2AAC3,0,1,0,0,1,1,1,0,0,0,0,1,0,0,1,1,1,0,1,0,0
968,#B2AAC3,0,1,0,0,1,1,1,0,0,0,0,0,0,1,1,0,2,0,1,0,0
975,#B2AAC3,0,0,0,0,1,0,2,2,0,0,0,0,0,1,1,1,1,0,1,0,0
983,#B2AAC3,0,0,0,0,0,2,1,1,0,0,1,0,0,1,2,1,1,1,1,0,0
1102,#B2AAC3,0,2,0,0,0,2,1,2,0,0,0,1,0,0,0,1,2,1,1,0,0
834,#B2AAC3,0,2,0,1,1,1,0,0,0,0,0,1,0,1,0,0,0,0,1,0,0
1185,#B2AAC3,0,1,0,0,0,1,0,0,0,0,2,0,0,1,0,1,1,0,1,0,0
1105,#B2AAC3,0,1,0,2,0,0,1,1,0,0,2,0,0,0,1,1,1,0,0,0,0
1199,#B2AAC3,0,0,0,1,1,0,1,0,0,0,1,1,0,1,0,1,2,1,1,0,0
882,#B2AAC3,0,0,1,0,0,1,0,0,0,0,0,0,1,0,0,1,1,1,1,0,0
1118,#B2AAC3,0,1,1,1,1,1,1,0,0,0,1,0,1,0,0,0,0,1,1,0,0
940,#B2AAC3,0,0,1,0,0,1,1,0,0,0,0,1,0,2,0,0,1,0,1,0,0
1075,#B2AAC3,0,1,0,0,1,1,1,1,0,0,0,0,1,1,2,1,2,0,1,0,0
851,#B2AAC3,0,2,1,0,1,0,1,0,1,0,0,1,0,1,0,0,0,1,1,0,0
826,#B2AAC3,0,2,0,1,1,2,2,1,1,0,0,1,0,0,0,0,0,0,1,0,0
1078,#B2AAC3,0,0,0,0,1,1,1,1,1,0,1,1,0,0,0,0,0,0,1,0,0
1059,#B2AAC3,0,1,1,0,0,0,2,0,0,0,1,2,0,1,0,1,1,0,1,0,0
1106,#B2AAC3,0,1,1,0,0,2,2,0,1,0,0,1,0,0,0,1,0,0,1,0,0
1174,#B2AAC3,0,0,2,0,0,1,2,0,0,0,1,0,0,0,0,1,1,0,1,0,0
907,#B2AAC3,0,2,0,0,0,1,2,0,1,0,0,1,0,0,0,2,0,1,1,0,0
913,#B2AAC3,0,1,0,0,0,1,1,0,0,0,1,1,0,0,1,1,1,2,1,0,0
1119,#B2AAC3,0,0,0,1,0,0,0,1,0,1,0,1,1,0,1,1,1,0,0,0,0
883,#B2AAC3,0,1,0,1,1,0,1,0,0,2,0,0,0,0,0,1,1,0,0,0,0
1100,#B2AAC3,0,0,0,1,1,1,1,2,0,1,0,2,0,0,1,2,1,1,0,0,0
814,#B2AAC3,0,0,0,0,1,0,1,1,0,1,1,1,0,0,0,1,2,1,0,0,0
1056,#B2AAC3,0,0,0,0,1,1,1,0,0,1,0,1,0,0,0,0,1,0,0,0,0
1133,#B2AAC3,0,0,0,0,1,1,1,1,0,1,1,1,0,0,0,0,0,0,0,0,0
839,#B2AAC3,0,1,0,0,0,1,1,1,0,1,1,0,0,0,1,0,0,0,0,0,0
984,#B2AAC3,0,1,0,0,0,0,1,1,0,1,0,0,0,0,1,0,1,0,0,0,0
1143,#B2AAC3,0,1,0,0,0,0,0,1,0,1,1,0,0,0,1,0,1,1,0,0,0
1068,#B2AAC3,0,1,0,1,0,0,1,2,0,1,0,1,0,0,1,0,0,0,0,0,0
1094,#B2AAC3,0,0,0,1,1,2,0,1,0,1,0,1,0,0,1,0,1,0,0,0,0
885,#B2AAC3,0,1,0,1,1,0,0,0,0,0,0,0,0,0,0,1,2,1,1,0,0
1034,#B2AAC3,0,1,0,0,1,0,0,0,0,0,0,0,0,1,0,1,1,1,1,0,0
1103,#B2AAC3,0,1,0,0,1,0,0,0,0,0,1,0,0,0,1,2,1,0,1,0,0
1130,#B2AAC3,0,2,0,0,1,0,0,1,0,0,1,2,0,0,1,1,0,1,1,0,0
931,#B2AAC3,0,0,0,1,1,1,0,0,1,1,0,0,0,2,0,1,1,1,1,0,0
1098,#B2AAC3,0,2,0,0,0,2,0,1,0,0,0,0,0,0,0,2,0,1,1,0,0
1141,#B2AAC3,0,0,0,0,0,1,0,1,0,0,1,2,0,1,0,2,1,2,1,0,0
899,#B2AAC3,0,1,0,1,0,0,0,1,1,2,0,2,0,0,0,0,1,1,1,0,0
833,#B2AAC3,0,1,0,0,0,0,0,1,0,0,0,1,0,1,1,1,0,0,1,0,0
875,#B2AAC3,0,0,0,0,0,0,0,0,0,1,1,2,0,0,0,1,1,0,1,0,0
1028,#B2AAC3,0,0,0,0,0,0,0,0,0,1,0,1,0,0,0,1,0,1,1,0,0
891,#B2AAC3,0,1,0,0,1,0,0,1,1,1,0,1,0,0,0,0,1,0,1,0,0
994,#B2AAC3,0,2,0,1,1,0,0,1,0,1,1,1,0,1,1,0,1,0,1,0,0
929,#B2AAC3,0,0,0,0,0,0,0,1,0,0,1,1,0,0,1,0,0,1,1,0,0
980,#B2AAC3,0,2,0,0,0,0,0,1,0,1,0,0,0,0,1,0,2,0,1,0,0
1218,#11944E,0,0,0,0,0,1,1,0,0,0,1,1,0,0,0,0,2,1,0,1,0
1591,#11944E,0,0,0,0,1,1,2,0,0,0,1,1,0,0,0,0,2,1,0,1,0
1348,#11944E,0,0,0,0,1,0,2,0,0,0,1,2,0,0,0,0,1,1,0,1,0
1195,#11944E,0,0,0,0,1,0,2,1,0,0,0,1,0,0,0,0,1,0,0,1,0
1594,#11944E,0,0,0,0,0,0,2,1,0,0,0,1,0,0,0,0,1,1,0,1,0
1310,#11944E,0,1,0,0,0,0,0,2,0,0,0,2,0,0,0,0,0,0,0,1,0
1099,#11944E,0,0,0,0,0,0,0,1,0,0,0,2,0,0,0,0,1,1,0,1,0
1505,#11944E,0,1,0,0,0,0,0,0,0,0,1,0,0,0,0,0,1,1,0,1,0
1227,#11944E,0,1,0,0,1,1,1,0,0,0,0,1,0,0,0,0,1,0,0,1,0
1433,#11944E,0,2,0,0,1,1,1,1,0,0,0,1,0,0,0,0,0,1,0,1,0
843,#11944E,0,1,0,0,0,0,1,1,0,0,0,1,0,0,0,0,0,0,0,1,0
873,#11944E,0,1,0,0,0,1,1,0,0,0,0,1,0,0,0,0,0,0,0,1,0
801,#11944E,0,2,0,0,0,1,1,1,0,0,0,0,0,0,0,0,0,0,0,1,0
963,#11944E,0,1,0,0,0,0,1,0,0,0,0,0,0,0,0,0,2,0,0,1,0
1334,#11944E,0,2,0,0,0,0,1,0,0,0,0,0,0,0,0,0,1,1,0,1,0
1536,#11944E,0,1,0,0,1,1,1,1,0,0,0,0,0,0,0,0,1,0,0,1,0
1080,#11944E,0,0,0,0,0,1,1,0,0,0,0,0,0,2,0,0,1,0,0,1,0
1484,#11944E,0,0,0,0,0,2,0,0,0,0,0,1,0,1,0,0,1,2,0,1,0
1519,#11944E,0,2,0,0,0,1,0,0,0,0,0,1,0,1,0,0,1,1,0,1,0
1291,#11944E,0,0,0,0,0,0,1,1,0,0,0,1,0,1,0,0,1,1,0,1,0
1541,#11944E,0,1,0,0,0,0,1,0,0,0,1,1,0,1,0,0,1,2,0,1,0
1232,#11944E,0,2,0,0,0,0,1,1,0,0,0,2,0,1,0,0,0,2,0,1,0
1510,#11944E,0,1,0,0,1,1,1,0,0,0,0,2,0,1,0,0,1,0,0,1,0
1597,#11944E,0,0,0,0,1,0,0,0,0,0,0,0,0,1,0,0,1,0,0,1,0
1266,#11944E,0,1,0,0,1,2,1,0,0,0,1,1,1,0,0,0,2,1,0,1,0
1477,#11944E,0,1,0,0,2,1,1,1,0,0,2,1,0,1,0,0,1,1,0,1,0
939,#11944E,0,1,0,0,0,0,0,0,0,0,2,0,0,1,0,0,1,0,0,1,0
1066,#11944E,0,1,0,0,0,2,0,1,0,0,1,2,0,1,0,0,1,0,0,1,0
1300,#11944E,0,0,0,0,0,2,1,0,0,0,1,0,0,1,0,0,1,0,0,1,0
1313,#11944E,0,0,0,0,0,2,1,1,0,0,1,2,0,0,0,0,2,0,0,1,0
1301,#11944E,0,1,0,0,1,2,1,1,0,0,0,1,0,1,0,0,1,0,0,1,0
1338,#11944E,0,1,0,0,0,2,1,2,0,0,0,1,0,0,0,0,1,1,0,1,0
965,#11944E,0,1,0,0,1,2,1,1,0,0,0,1,0,0,0,0,1,1,0,1,0
1147,#11944E,0,1,0,0,0,2,1,0,0,0,0,1,0,0,0,0,1,0,0,1,0
955,#11944E,0,1,0,0,1,1,1,1,1,0,0,2,0,1,0,0,1,1,0,1,0
1488,#11944E,0,1,0,0,0,0,1,1,1,0,0,2,0,0,0,0,0,1,0,1,0
1249,#11944E,0,1,0,0,1,2,1,0,1,0,1,0,0,0,0,0,1,0,0,1,0
1492,#11944E,0,0,0,0,0,2,1,0,1,0,1,2,0,0,0,0,2,0,0,1,0
1236,#11944E,0,0,0,1,2,1,1,0,1,0,2,1,0,0,0,0,2,0,0,1,0
1202,#11944E,0,2,0,1,1,1,1,0,2,0,0,1,0,0,0,0,1,0,0,1,0
1485,#11944E,0,0,0,1,0,0,0,0,1,0,1,1,0,0,0,0,1,0,0,1,0
1482,#11944E,0,1,0,1,1,2,1,1,2,0,0,1,0,1,0,0,0,1,0,1,0
909,#11944E,0,0,0,1,0,0,1,0,1,0,1,2,0,1,0,0,1,0,0,1,0
1299,#11944E,0,1,0,1,0,2,1,0,1,0,1,0,0,0,0,0,1,1,0,1,0
1212,#11944E,0,0,1,0,1,2,0,0,0,0,0,2,0,0,1,0,2,0,0,1,0
845,#11944E,0,1,1,0,0,0,0,1,0,0,0,1,0,0,1,0,0,1,0,1,0
1242,#11944E,0,1,1,0,0,1,0,0,0,0,1,1,0,0,1,0,0,1,0,1,0
1292,#11944E,0,2,1,0,0,0,0,1,0,0,1,0,0,0,1,0,0,1,0,1,0
1498,#11944E,0,1,1,0,1,1,0,1,0,0,1,0,0,0,1,0,2,1,0,1,0
1219,#11944E,0,0,1,0,0,0,0,0,0,0,0,1,0,1,2,0,2,1,0,1,0
1274,#11944E,0,0,1,1,0,0,0,2,0,0,0,1,0,0,2,0,2,0,0,1,0
888,#11944E,0,2,1,0,1,1,0,0,0,0,1,2,0,0,1,1,0,2,0,1,0
1545,#11944E,0,0,1,0,2,1,0,0,0,0,0,0,0,0,1,1,2,2,0,1,0
1067,#11944E,0,0,2,0,0,1,0,1,0,0,0,2,0,0,1,2,0,0,0,1,0
982,#11944E,0,0,1,0,1,1,0,1,0,0,1,0,0,0,0,1,0,0,0,1,0
1140,#11944E,0,0,1,0,0,0,1,1,0,0,1,1,0,0,1,1,2,0,0,1,0
926,#11944E,0,1,1,0,1,0,2,0,0,0,0,1,0,0,1,0,1,0,0,1,0
1263,#11944E,0,1,1,0,1,0,2,0,0,0,0,1,0,0,1,1,2,1,0,1,0
1296,#11944E,0,0,1,1,0,1,1,0,0,0,0,1,0,0,0,1,2,0,0,1,0
1062,#11944E,0,1,1,0,0,0,1,2,0,0,0,0,0,0,2,1,0,0,0,1,0
1198,#11944E,0,1,1,0,1,0,0,1,0,0,0,0,0,0,2,1,2,0,0,1,0
1437,#11944E,0,1,1,0,0,2,1,1,0,0,0,0,0,1,1,1,1,0,0,1,0
1088,#11944E,0,0,1,0,1,1,0,0,0,0,0,1,0,1,1,1,1,0,0,1,0
1387,#11944E,0,0,1,0,0,0,1,0,0,0,1,1,0,1,1,1,1,0,0,1,0
1568,#11944E,0,1,1,1,0,0,0,1,0,0,0,0,0,0,1,0,1,0,0,1,0
1569,#11944E,0,2,1,1,1,1,0,2,0,0,0,0,0,0,1,0,1,2,0,1,0
1449,#11944E,0,0,1,2,1,1,1,0,0,0,0,0,0,1,1,1,1,1,0,1,0
1529,#11944E,0,2,1,1,1,1,1,2,0,0,0,0,0,0,1,1,1,1,0,1,0
1011,#11944E,0,0,1,1,1,1,0,1,0,0,1,0,0,0,0,0,1,1,0,1,0
999,#11944E,0,2,1,1,1,1,0,0,0,0,1,0,0,1,1,0,1,0,0,1,0
1032,#11944E,0,1,1,1,0,2,1,1,0,0,0,0,0,1,1,0,1,0,0,1,0
1320,#11944E,0,0,2,1,1,1,2,1,0,0,0,0,0,1,0,1,1,1,0,1,0
867,#11944E,0,0,1,1,0,2,2,0,0,0,0,1,0,1,0,1,0,0,0,1,0
1033,#11944E,0,0,1,2,1,1,2,0,0,0,1,1,0,1,0,1,1,1,0,1,0
1392,#11944E,0,1,2,0,1,0,1,0,0,0,1,0,0,1,0,1,2,0,0,1,0
1559,#11944E,0,0,2,0,1,1,0,1,0,0,0,1,0,1,0,1,1,1,0,1,0
1308,#11944E,0,1,2,0,1,0,1,2,0,0,0,0,0,0,0,0,0,0,1,2,0
1423,#11944E,0,1,2,0,1,0,0,0,1,0,1,1,0,0,1,0,1,0,1,2,0
1213,#11944E,0,1,2,0,1,1,1,0,0,0,0,0,0,1,0,0,2,1,0,1,0
933,#11944E,0,0,1,0,0,0,1,0,0,0,0,1,0,1,0,0,1,1,0,1,0
1201,#11944E,0,0,1,0,0,1,0,1,0,0,1,2,0,1,0,0,2,1,0,1,0
1524,#11944E,0,0,1,0,1,0,1,0,0,0,1,0,0,1,0,0,0,1,0,1,0
1206,#11944E,0,1,1,0,1,2,0,1,0,0,0,0,0,0,0,0,1,0,0,1,0
1349,#11944E,0,1,1,0,1,0,1,0,0,0,0,0,0,0,0,0,1,1,0,1,0
1372,#11944E,0,1,1,0,0,1,0,2,0,0,1,2,0,0,0,0,1,1,0,1,0
1160,#11944E,0,1,1,0,0,1,0,1,0,0,0,2,0,0,0,0,0,1,0,1,0
1388,#11944E,0,0,1,0,1,1,0,0,0,0,1,0,0,0,0,0,0,0,0,1,0
1257,#11944E,0,2,0,0,0,2,1,1,0,0,1,1,0,0,1,0,2,0,0,1,0
1465,#11944E,0,0,0,0,0,2,1,1,0,0,0,1,0,0,1,0,0,1,0,1,0
1136,#11944E,0,1,1,0,0,2,1,1,0,0,1,1,0,0,1,0,0,0,0,1,0
1297,#11944E,0,1,1,0,1,2,1,1,0,0,1,2,0,1,1,0,2,1,0,1,0
953,#11944E,0,0,0,0,0,2,2,1,0,0,1,2,0,1,1,0,1,1,0,1,0
1381,#11944E,0,0,0,0,0,1,1,2,0,0,1,0,0,1,1,0,1,0,0,1,0
1275,#11944E,0,2,0,0,1,1,1,2,0,0,1,1,0,1,1,0,0,1,0,1,0
1445,#11944E,0,1,0,0,1,1,1,0,0,0,1,1,0,1,1,0,2,1,0,1,0
1489,#11944E,0,1,0,2,1,1,1,1,0,0,1,1,1,1,1,0,0,1,0,1,0
938,#11944E,0,1,0,1,1,0,1,0,0,0,1,1,0,0,1,0,0,0,0,1,0
1361,#11944E,0,0,0,1,1,1,1,0,0,0,1,1,0,0,1,0,1,1,0,1,0
1548,#11944E,0,0,0,1,2,1,0,0,0,0,1,1,0,0,1,0,1,0,0,1,0
1317,#11944E,0,1,0,1,1,1,1,1,0,0,0,2,0,0,2,0,0,2,0,1,0
956,#11944E,0,1,0,1,1,0,1,1,0,0,0,2,0,1,1,0,2,0,0,1,0
1551,#11944E,0,0,0,1,0,0,1,1,0,0,1,0,0,1,1,0,1,0,0,1,0
1113,#11944E,0,0,0,0,0,1,0,2,0,0,0,0,0,1,1,0,1,0,0,1,0
1344,#11944E,0,2,0,0,1,0,1,2,0,0,0,0,0,0,1,0,1,0,0,1,0
1456,#11944E,0,0,0,0,0,0,1,2,0,0,0,1,0,0,1,0,1,0,0,1,0
1325,#11944E,0,1,0,0,0,1,1,1,0,0,0,0,0,0,1,0,1,1,0,1,0
1586,#11944E,0,1,0,0,1,0,0,1,0,0,0,2,0,0,1,0,2,1,0,1,0
1234,#11944E,0,1,0,0,0,0,0,0,0,0,0,0,0,0,1,0,2,0,0,1,0
1542,#11944E,0,1,0,0,1,1,0,0,0,0,0,0,0,0,1,0,0,0,0,1,0
879,#11944E,0,0,0,0,1,0,2,0,0,0,0,1,0,0,1,0,0,1,0,1,0
1336,#11944E,0,0,0,0,1,0,0,0,0,0,0,1,0,0,1,0,1,1,0,1,0
1353,#11944E,0,0,0,0,0,0,0,0,0,0,0,1,0,0,1,0,0,1,0,1,0
1347,#11944E,0,0,0,1,0,0,2,1,0,0,0,2,1,0,1,0,2,1,0,1,0
1469,#11944E,0,1,0,0,0,0,2,2,0,0,0,1,1,0,0,0,1,1,0,1,0
974,#11944E,0,0,0,1,1,2,0,1,0,0,0,1,1,0,0,0,1,2,0,1,0
1045,#11944E,0,2,0,1,1,0,1,1,0,0,0,0,1,0,0,0,0,2,0,1,0
1409,#11944E,0,1,0,1,0,1,1,1,0,0,0,2,1,0,0,0,1,0,0,1,0
1165,#11944E,0,1,0,1,0,1,0,1,0,0,1,2,0,2,1,0,0,1,0,1,0
1504,#11944E,0,1,0,1,0,0,0,0,0,0,1,1,0,2,0,0,2,1,0,1,0
850,#11944E,0,1,0,1,0,0,2,0,0,0,1,2,0,0,0,0,0,0,0,1,0
1007,#11944E,0,0,0,1,1,0,0,2,0,0,0,2,0,0,0,0,2,0,0,1,0
816,#11944E,0,1,0,1,1,0,0,0,0,0,0,0,0,0,0,0,0,1,0,1,0
1508,#11944E,0,0,0,1,0,0,0,0,0,0,0,2,0,0,0,0,2,1,0,1,0
831,#11944E,0,0,0,1,1,1,0,1,0,0,1,1,0,0,0,0,1,1,0,1,0
1307,#11944E,0,1,0,1,0,1,1,1,0,0,0,1,0,0,0,0,0,0,0,1,0
1503,#11944E,0,1,0,1,0,1,1,1,0,0,0,1,0,1,0,0,1,0,0,1,0
935,#11944E,0,1,0,2,0,0,0,2,0,0,2,1,0,0,0,0,1,1,0,1,0
1351,#11944E,0,1,0,1,0,0,0,2,0,0,0,1,0,0,0,0,0,0,0,1,0
1065,#11944E,0,1,0,1,0,0,0,1,0,0,1,0,0,1,0,1,2,0,0,1,0
1377,#11944E,0,2,0,1,0,0,1,0,0,0,1,2,0,0,0,2,2,0,0,1,0
1074,#11944E,0,1,0,1,1,1,1,2,0,0,0,1,0,1,0,1,1,0,0,1,0
1478,#11944E,0,1,0,1,0,1,1,0,0,0,0,1,0,1,0,1,0,0,0,1,0
1585,#11944E,0,1,0,1,1,0,1,1,0,0,0,1,0,1,0,1,0,1,0,1,0
1085,#11944E,0,1,0,0,0,0,0,2,0,0,0,0,0,0,0,1,1,0,0,1,0
1008,#11944E,0,1,0,1,0,2,0,1,0,0,0,0,0,0,0,1,1,0,0,1,0
1475,#11944E,0,0,0,1,0,0,0,0,0,0,0,0,0,0,0,1,1,0,0,1,0
1170,#11944E,0,0,0,1,1,0,0,0,0,0,0,1,0,0,0,1,1,1,0,1,0
1376,#11944E,0,1,0,1,1,1,1,1,0,0,0,1,0,0,0,1,1,0,0,1,0
1432,#11944E,0,2,0,1,1,1,1,1,0,0,0,1,0,0,0,1,1,0,0,1,0
1269,#11944E,0,0,0,0,1,2,1,0,0,0,0,1,0,2,0,1,1,2,0,1,0
1271,#11944E,0,2,0,0,0,1,1,0,0,0,1,1,1,2,0,1,0,0,0,1,0
1223,#11944E,0,1,0,0,1,0,0,0,0,0,0,2,0,0,0,1,2,1,0,1,0
927,#11944E,0,0,0,0,1,1,0,0,0,0,0,0,0,1,0,1,1,0,0,1,0
943,#11944E,0,2,0,0,0,1,0,1,0,0,0,2,0,1,0,1,0,0,0,1,0
1295,#11944E,0,2,0,0,1,1,0,0,0,0,0,0,0,1,0,1,2,1,0,1,0
1225,#11944E,0,1,0,0,0,1,0,0,0,0,0,0,0,1,0,1,0,0,0,1,0
1561,#11944E,0,0,0,0,0,1,0,1,0,0,0,2,0,1,0,1,0,1,0,1,0
916,#11944E,0,1,0,0,0,1,2,1,0,0,0,2,0,0,0,1,2,0,0,1,0
1233,#11944E,0,1,0,0,0,1,1,1,0,0,0,0,0,0,0,1,1,1,0,1,0
1305,#11944E,0,1,0,0,0,1,1,0,0,0,0,0,0,0,0,2,1,0,0,1,0
1207,#11944E,0,0,0,0,0,1,0,1,0,0,1,0,0,0,0,1,0,1,0,1,0
1095,#11944E,0,0,0,0,0,2,1,1,0,0,1,2,0,0,0,1,2,1,0,1,0
1596,#11944E,0,0,0,0,0,2,1,1,0,0,0,1,0,0,0,1,0,1,0,1,0
1578,#11944E,0,0,0,0,1,1,2,1,0,0,1,1,0,1,0,1,2,0,0,1,0
985,#11944E,0,2,0,0,1,2,0,0,0,0,1,1,0,0,0,1,2,0,0,1,0
1390,#11944E,0,2,0,1,2,2,1,0,0,0,1,1,0,0,0,1,2,0,0,1,0
1467,#11944E,0,1,0,0,1,0,0,1,0,0,1,2,0,1,0,1,1,0,0,1,0
1221,#11944E,0,1,0,0,0,0,1,0,0,0,1,1,0,1,0,1,1,0,0,1,0
1245,#11944E,0,0,0,0,0,1,0,1,0,0,1,1,0,0,0,1,1,0,0,1,0
1316,#11944E,0,0,0,1,0,1,2,1,0,0,0,1,0,0,1,0,1,0,0,1,0
1410,#11944E,0,1,0,1,0,0,1,1,0,0,0,1,0,0,1,1,1,0,0,1,0
1493,#11944E,0,0,0,1,0,1,1,1,0,0,1,1,0,1,1,1,1,1,0,1,0
1281,#11944E,0,0,0,1,0,2,1,1,0,0,0,2,0,0,1,1,2,0,0,1,0
1470,#11944E,0,1,0,1,0,1,1,0,0,0,0,1,0,0,1,1,0,1,0,1,0
1531,#11944E,0,0,0,1,0,1,2,0,0,0,0,1,0,0,1,2,2,0,0,1,0
1215,#11944E,0,0,0,0,1,0,2,0,0,0,0,2,0,0,2,1,1,1,0,1,0
1184,#11944E,0,2,0,0,0,2,1,1,0,0,0,1,0,0,1,1,1,0,0,1,0
1382,#11944E,0,1,0,0,0,0,1,1,0,0,0,2,0,0,1,1,1,0,0,1,0
1276,#11944E,0,0,0,0,0,1,1,0,0,0,1,1,0,2,1,1,1,0,0,1,0
1566,#11944E,0,1,0,0,2,0,1,0,0,0,1,1,0,1,1,1,1,2,0,1,0
1434,#11944E,0,0,0,0,0,0,0,0,0,0,0,1,0,1,1,1,2,2,0,1,0
1514,#11944E,0,1,0,1,0,0,0,1,0,0,0,1,0,1,1,1,2,1,0,1,0
1309,#11944E,0,1,0,0,2,0,1,1,0,0,0,1,0,0,1,1,0,1,0,1,0
1367,#11944E,0,1,0,0,0,1,1,0,0,0,0,1,0,1,1,1,1,1,0,1,0
846,#11944E,0,1,0,0,0,1,0,2,0,0,0,1,0,1,1,1,0,0,0,1,0
1534,#11944E,0,1,0,0,1,0,0,0,0,0,0,1,0,1,1,1,2,0,0,1,0
1284,#11944E,0,1,1,0,0,1,1,1,0,0,0,1,1,1,1,0,1,0,0,1,0
902,#11944E,0,1,1,0,0,2,1,1,0,0,0,0,1,0,0,1,0,0,0,1,0
1515,#11944E,0,1,1,0,1,1,1,1,0,0,1,2,1,0,1,1,1,1,0,1,0
1506,#11944E,0,1,0,1,1,0,0,2,0,0,0,0,1,1,2,1,2,0,0,1,0
1251,#11944E,0,1,0,0,0,1,1,0,0,0,0,1,1,0,0,1,2,0,0,1,0
1340,#11944E,0,0,0,0,0,1,0,0,0,0,0,1,1,0,1,1,0,0,0,1,0
1462,#11944E,0,0,0,0,2,1,0,0,0,0,0,0,1,0,1,1,0,1,0,1,0
827,#781328,0,1,1,0,0,2,0,1,0,0,2,1,1,0,0,1,0,1,0,0,0
350,#781328,1,1,0,0,1,0,2,0,0,0,0,1,1,0,1,1,1,1,2,2,1
75,#781328,0,1,1,0,1,0,2,0,0,0,0,1,1,0,0,0,0,0,2,1,1
162,#781328,0,0,0,0,1,1,0,0,0,0,0,1,1,0,1,1,1,0,2,2,1
221,#781328,0,0,0,0,1,0,1,0,0,0,1,2,1,1,0,1,0,0,2,1,1
954,#781328,0,1,0,0,0,2,1,0,0,0,0,0,1,0,0,0,1,1,0,0,0
977,#781328,0,0,0,0,0,0,0,0,0,0,0,0,1,0,0,0,1,1,0,0,0
1047,#781328,0,1,0,0,0,0,1,2,0,0,1,0,1,0,0,0,1,0,0,0,0
893,#781328,0,1,1,2,0,0,2,0,0,0,0,1,1,0,0,0,0,0,0,0,0
198,#781328,0,0,0,0,1,0,0,0,1,0,0,1,1,1,0,1,0,0,2,1,1
924,#781328,0,0,1,0,0,0,0,0,1,0,1,2,1,1,0,0,1,0,0,0,0
936,#781328,0,0,1,0,0,1,0,0,0,0,1,0,1,0,0,0,0,1,0,0,0
1004,#781328,0,0,0,0,0,0,0,0,1,0,1,2,1,0,0,1,1,0,0,0,0
1193,#781328,0,0,0,0,0,1,1,0,1,0,0,2,1,0,1,1,1,0,0,0,0
1057,#781328,0,1,0,0,1,1,0,1,0,0,0,2,1,0,0,1,2,1,0,0,0
1064,#781328,0,1,0,0,0,1,0,1,1,0,0,1,1,1,0,1,0,1,0,0,0
887,#781328,0,0,0,0,1,0,0,1,0,0,1,1,1,2,1,1,2,2,0,0,0
1029,#781328,0,1,0,0,0,1,1,1,0,0,1,1,1,1,1,0,2,0,0,0,0
1040,#781328,0,1,0,2,2,1,0,1,0,0,0,2,0,1,0,2,1,1,0,0,0
820,#781328,0,0,0,1,1,0,1,0,1,0,1,0,0,0,0,1,1,0,0,0,0
1125,#781328,0,2,0,1,0,0,1,0,1,0,0,0,0,1,0,1,0,0,0,0,0
959,#781328,0,2,0,0,1,0,0,0,0,0,1,1,1,2,0,2,1,1,0,0,0
1156,#781328,0,1,0,0,0,0,1,0,0,0,0,0,0,2,0,1,1,1,0,0,0
1042,#781328,0,1,0,0,0,0,1,0,1,0,1,1,0,0,0,1,1,2,0,0,0
805,#781328,0,0,0,0,1,1,1,0,1,0,1,0,0,0,0,1,1,0,0,0,0
1191,#781328,0,1,0,0,0,1,1,0,1,0,0,1,0,0,0,1,1,0,0,0,0
1107,#781328,0,1,0,0,1,2,2,1,0,0,1,0,0,0,0,1,2,0,0,0,0
852,#781328,0,1,0,0,0,0,0,0,0,0,1,1,0,1,0,1,0,1,0,0,0
912,#781328,0,2,0,0,0,0,1,0,0,0,0,2,0,1,0,1,0,1,0,0,0
1051,#781328,0,0,0,0,0,1,1,0,0,0,0,1,0,1,0,1,0,1,0,0,0
1041,#781328,0,0,0,0,0,0,0,0,0,0,1,1,0,0,0,1,2,0,0,0,0
1149,#781328,0,0,0,0,1,0,1,1,0,0,1,2,0,0,0,1,1,0,0,0,0
1158,#781328,0,0,0,0,0,0,2,0,0,0,0,0,0,0,0,2,2,0,0,0,0
876,#781328,0,0,0,0,0,0,1,1,0,0,0,0,0,0,0,1,1,0,0,0,0
969,#781328,0,0,0,0,0,1,1,1,0,0,0,0,0,0,0,1,0,1,0,0,0
810,#781328,0,0,0,0,1,1,1,1,0,0,0,1,0,1,0,2,1,0,0,0,0
917,#781328,0,1,0,0,1,1,1,1,0,0,0,1,0,1,0,1,0,0,0,0,0
1081,#781328,0,1,0,1,0,2,1,0,1,0,1,1,0,0,1,1,2,1,0,0,0
1128,#781328,0,2,0,1,0,0,1,0,1,0,0,1,0,1,1,1,0,0,0,0,0
80,#781328,0,2,0,1,0,1,1,1,1,0,1,0,0,2,2,0,1,1,2,1,1
249,#781328,0,1,0,1,1,1,1,1,1,0,0,2,0,1,2,1,1,1,2,1,1
991,#781328,0,0,2,1,0,1,1,2,0,0,1,0,0,0,1,1,0,0,0,0,0
886,#781328,0,1,1,2,0,1,1,1,0,0,0,1,0,0,1,2,2,0,0,0,0
1086,#781328,0,1,1,1,1,1,1,1,0,0,0,1,0,0,1,1,0,0,0,0,0
1002,#781328,0,0,0,1,1,0,0,1,0,0,0,0,0,0,1,1,2,1,0,0,0
1148,#781328,0,0,0,1,1,1,1,1,0,0,0,1,0,1,2,1,0,0,0,0,0
1013,#781328,0,1,0,0,2,0,2,0,0,0,0,1,0,0,1,1,1,0,1,0,0
1150,#781328,0,1,1,1,1,1,0,1,0,0,0,1,0,0,1,0,0,1,0,0,0
877,#781328,0,2,0,1,1,2,0,1,0,0,0,1,0,1,1,0,2,1,0,0,0
1046,#781328,0,0,0,1,1,0,0,1,0,0,0,1,0,1,1,0,1,0,0,0,0
997,#781328,0,1,0,0,1,2,1,0,0,0,1,0,0,0,1,1,2,0,0,0,0
874,#781328,0,1,0,0,1,2,0,0,0,0,0,0,0,0,1,1,1,2,0,0,0
1121,#781328,0,0,0,0,0,2,1,1,0,0,0,1,0,0,1,1,1,0,0,0,0
964,#781328,0,0,0,0,1,0,1,1,0,0,0,2,0,0,1,1,1,1,0,0,0
1159,#781328,0,0,0,0,2,1,0,1,0,0,0,1,0,0,1,2,1,1,0,0,0
910,#781328,0,0,0,0,2,0,0,0,0,0,0,0,0,0,1,1,0,0,0,0,0
1168,#781328,0,1,0,0,0,1,1,0,0,0,1,1,0,0,1,1,2,0,0,0,0
952,#781328,0,1,0,0,0,1,0,0,0,0,0,1,0,0,1,1,1,1,0,0,0
1044,#781328,0,0,0,0,0,0,1,0,0,0,1,1,0,0,1,1,1,0,0,0,0
890,#781328,0,1,0,0,0,2,1,1,1,0,0,2,0,0,0,2,1,0,0,0,0
1014,#781328,0,1,0,0,0,2,0,1,1,0,1,1,0,0,1,1,1,0,0,0,0
1090,#781328,0,2,1,0,0,0,1,1,2,0,0,2,0,0,0,1,2,1,0,0,0
1001,#781328,0,1,0,0,0,0,1,2,1,0,1,0,0,0,1,1,2,0,0,0,0
892,#781328,0,1,0,0,0,1,0,1,1,0,0,0,0,0,1,1,2,1,0,0,0
1108,#781328,0,1,0,0,1,0,0,1,1,0,0,0,0,0,1,1,2,0,0,0,0
904,#81065A,0,2,0,0,0,2,1,2,2,0,0,0,0,1,0,0,0,1,0,0,0
1183,#81065A,0,1,0,0,0,2,1,0,1,0,0,0,0,0,0,0,0,0,0,0,0
829,#81065A,0,0,0,0,0,2,1,0,0,0,1,0,0,0,0,0,0,2,0,0,0
1073,#81065A,0,0,0,0,0,2,1,1,0,0,1,1,0,0,0,0,0,0,0,0,0
1173,#81065A,0,1,0,0,1,2,0,0,0,0,0,1,0,0,0,0,2,1,0,0,0
1122,#81065A,0,0,0,0,0,0,2,1,0,0,1,1,0,0,0,0,0,0,0,0,0
894,#81065A,0,1,0,0,1,1,2,0,0,0,1,0,0,0,0,0,1,0,0,0,0
1038,#81065A,0,2,0,0,1,0,2,0,0,0,1,1,0,0,0,0,0,0,0,0,0
990,#81065A,0,0,0,0,1,1,2,1,0,0,1,1,0,1,0,0,1,0,0,0,0
870,#81065A,0,0,0,0,0,1,0,0,0,0,1,2,0,0,0,0,1,0,0,0,0
1139,#81065A,0,0,0,0,0,1,0,1,0,0,1,2,0,0,0,0,1,1,0,0,0
1070,#81065A,0,1,0,0,0,1,1,1,0,0,2,1,0,0,0,0,1,0,0,0,0
1084,#81065A,0,0,0,0,0,1,1,0,0,0,2,1,0,0,0,0,0,0,0,0,0
1055,#81065A,0,0,0,0,1,1,0,1,0,0,2,1,0,0,0,0,1,1,0,0,0
1069,#81065A,0,0,0,0,0,0,0,0,0,0,0,1,0,0,0,0,1,1,0,0,0
914,#81065A,0,1,0,0,1,1,0,1,0,0,0,1,0,1,0,0,1,0,0,0,0
971,#81065A,0,1,0,0,0,1,1,1,0,0,0,0,0,0,0,0,1,0,0,0,0
1164,#81065A,0,1,0,0,1,1,1,1,0,0,0,1,0,0,0,0,1,1,0,0,0
989,#81065A,0,1,0,0,0,1,1,1,0,0,1,0,0,1,0,0,1,1,0,0,0
946,#81065A,0,0,0,0,0,1,1,1,0,0,0,0,0,1,0,0,1,0,0,0,0
949,#81065A,0,0,0,0,0,0,1,1,0,0,0,0,0,1,0,0,1,1,0,0,0
950,#81065A,0,0,0,0,1,1,1,0,0,0,0,0,0,0,0,0,1,0,0,0,0
1142,#81065A,0,0,0,0,0,1,0,0,0,0,0,2,0,0,0,0,1,0,0,0,0
1015,#81065A,0,0,0,0,0,0,0,1,0,0,0,0,0,0,0,0,0,0,0,0,0
835,#81065A,0,1,0,0,0,1,0,1,0,0,0,1,0,0,0,0,0,0,0,0,0
841,#81065A,0,1,0,0,1,0,0,1,0,0,1,0,0,0,0,0,0,0,0,0,0
998,#81065A,0,1,0,0,0,1,0,2,0,0,0,0,0,0,0,0,1,0,0,0,0
1131,#81065A,0,0,0,0,0,1,0,2,0,0,0,0,0,0,0,0,2,0,0,0,0
967,#81065A,0,1,0,0,0,0,1,1,0,0,0,1,0,1,0,0,2,2,0,0,0
804,#81065A,0,1,0,0,0,0,1,2,0,0,1,1,0,0,0,0,0,0,0,0,0
978,#81065A,0,2,0,0,0,1,1,2,0,0,1,1,0,0,0,0,0,0,0,0,0
1120,#81065A,0,1,0,1,1,1,0,0,0,0,2,1,0,1,0,0,2,0,0,0,0
903,#81065A,0,1,0,1,0,0,1,0,0,0,1,1,0,1,0,0,0,0,0,0,0
992,#81065A,0,0,0,1,0,0,1,1,0,0,0,1,0,1,0,0,0,0,0,0,0
1043,#81065A,0,1,0,1,2,1,0,0,0,0,0,0,0,0,0,0,0,0,0,0,0
819,#81065A,0,1,0,1,0,0,0,0,0,0,0,0,0,0,0,0,2,1,0,0,0
928,#81065A,0,1,0,1,0,1,0,0,0,0,1,1,0,0,0,0,2,1,0,0,0
1058,#81065A,0,0,0,1,0,1,1,1,0,0,1,0,0,0,0,0,1,1,0,0,0
1023,#81065A,0,1,0,1,1,0,0,0,0,0,0,2,0,0,0,0,1,1,0,0,0
1146,#81065A,0,0,0,1,0,0,0,1,0,0,2,0,0,0,0,0,1,0,0,0,0
1009,#81065A,0,0,0,0,0,0,2,1,1,0,0,0,0,0,0,0,1,1,0,0,0
1109,#81065A,0,1,0,0,1,1,0,0,1,0,1,1,0,1,0,0,1,1,0,0,0
973,#81065A,0,2,0,1,0,1,2,0,1,0,0,2,0,1,0,0,2,0,0,0,0
800,#81065A,0,1,0,1,0,1,1,0,1,0,2,2,0,1,0,0,1,1,0,0,0
806,#81065A,0,0,0,1,0,0,0,0,2,0,1,0,0,1,0,0,1,1,0,0,0
932,#81065A,0,1,0,1,1,0,0,0,1,0,1,0,0,1,0,0,1,2,0,0,0
996,#81065A,0,1,0,2,0,1,1,0,2,1,1,1,0,0,0,0,2,0,0,0,0
872,#81065A,0,0,0,1,1,0,1,1,1,0,0,0,0,2,0,0,0,0,0,0,0
951,#81065A,0,1,0,2,0,2,1,1,1,0,0,2,0,1,0,0,2,2,0,0,0
1087,#81065A,0,0,0,1,0,2,1,0,1,0,1,0,0,0,0,0,0,0,0,0,0
1177,#81065A,0,1,0,0,0,0,2,2,1,1,0,1,1,0,1,0,1,1,0,0,0
896,#81065A,0,2,0,0,1,0,2,0,1,1,0,1,0,0,1,0,2,1,1,0,0
958,#81065A,0,1,0,0,0,1,2,0,1,0,0,1,0,0,1,0,2,1,1,0,0
1003,#81065A,0,1,0,0,0,0,2,0,1,0,0,1,0,0,0,0,2,1,1,0,0
1123,#81065A,0,1,1,0,1,0,0,1,0,0,0,0,0,0,0,0,1,2,1,0,0
811,#81065A,0,1,1,0,1,1,0,0,0,1,1,1,0,0,1,0,1,1,1,0,0
1019,#81065A,0,1,1,1,1,2,0,0,1,1,0,2,0,0,2,0,1,0,1,0,0
1022,#81065A,0,1,1,1,0,0,1,0,2,0,1,0,0,1,2,0,1,0,0,0,0
960,#81065A,0,1,1,1,0,1,1,0,1,0,0,0,0,1,1,0,1,0,0,0,0
966,#81065A,0,0,1,1,0,0,1,0,1,0,0,1,0,0,1,0,2,0,0,0,0
1082,#81065A,0,1,0,2,0,1,1,2,1,0,0,2,0,0,1,0,1,1,0,0,0
1163,#81065A,0,0,0,1,0,0,1,1,0,0,0,0,0,0,1,0,2,0,0,0,0
1012,#81065A,0,0,1,0,1,1,0,1,0,0,0,0,0,0,1,0,0,0,0,0,0
1127,#81065A,0,0,1,0,2,0,0,1,0,0,0,1,0,1,2,0,1,1,0,0,0
884,#81065A,0,1,1,0,0,1,2,0,1,0,0,0,0,1,1,0,1,1,0,0,0
1079,#81065A,0,1,1,0,0,1,2,1,1,0,0,0,0,0,2,0,0,0,0,0,0
840,#81065A,0,2,1,0,1,1,0,0,1,0,1,1,0,1,1,0,1,0,0,0,0
942,#81065A,0,0,1,0,0,1,0,0,1,0,1,0,0,0,1,0,2,1,0,0,0
1178,#81065A,0,1,0,0,0,0,0,1,2,0,2,1,0,0,2,0,1,0,0,0,0
898,#81065A,0,0,0,0,1,0,1,0,1,0,0,1,0,0,1,0,0,0,0,0,0
1145,#81065A,0,1,0,0,1,0,0,0,1,0,0,1,0,0,1,0,0,0,0,0,0
817,#81065A,0,1,0,0,0,0,0,0,1,0,0,1,0,0,1,0,0,1,0,0,0
881,#81065A,0,1,0,0,0,1,0,0,1,0,0,0,0,1,1,0,2,1,0,0,0
859,#81065A,0,0,0,0,0,0,1,1,0,0,1,1,0,1,2,0,1,2,0,0,0
986,#81065A,0,0,0,0,0,1,1,1,0,0,1,1,0,1,1,0,1,0,0,0,0
1026,#81065A,0,0,0,0,0,1,1,2,0,0,1,1,0,0,1,0,1,0,0,0,0
889,#81065A,0,1,0,0,0,0,0,0,0,0,2,1,0,0,2,0,1,1,0,0,0
1124,#81065A,0,0,0,0,0,1,0,1,0,0,1,0,0,0,1,0,0,0,0,0,0
1182,#81065A,0,0,0,0,1,1,0,0,0,0,0,0,0,0,1,0,0,1,0,0,0
868,#81065A,0,0,0,0,0,1,1,0,0,0,0,2,0,1,1,0,1,1,0,0,0
937,#81065A,0,1,0,0,1,0,1,0,0,0,0,0,0,1,1,0,0,0,0,0,0
812,#81065A,0,1,0,0,0,1,0,0,0,0,0,0,0,1,2,0,0,1,0,0,0
944,#81065A,0,2,0,0,0,0,0,0,0,0,0,2,0,1,1,0,0,0,0,0,0
830,#81065A,0,0,1,1,1,2,1,0,1,0,0,1,0,2,0,1,2,0,0,0,0
137,#81065A,0,1,1,1,1,1,1,1,1,0,0,1,0,1,1,1,1,0,2,1,1
1091,#81065A,0,1,1,1,0,0,1,0,1,0,1,0,0,0,0,1,1,0,0,0,0
67,#81065A,0,0,0,0,1,1,1,0,1,0,1,2,0,1,0,2,1,2,2,1,1
82,#81065A,0,0,1,0,1,1,1,1,1,0,0,1,0,1,1,0,1,2,2,1,1
906,#81065A,0,0,1,0,0,1,0,0,1,0,1,0,0,0,1,1,1,1,0,0,0
7,#81065A,0,0,0,0,2,0,0,0,1,0,0,1,0,0,1,1,2,0,2,1,1
64,#81065A,0,1,0,0,1,0,1,1,1,0,0,0,0,0,0,0,0,1,2,1,1
72,#81065A,0,1,1,0,1,2,1,1,1,0,0,0,0,0,0,0,2,0,2,1,1
56,#81065A,0,2,0,0,1,2,0,1,1,0,1,0,0,0,1,1,1,1,2,1,1
192,#81065A,0,1,1,0,1,1,1,0,2,0,0,1,0,1,0,0,0,0,2,1,1
290,#81065A,0,1,0,0,1,0,1,2,1,0,0,1,0,0,0,0,1,1,2,2,1
1137,#81065A,0,1,1,0,0,1,0,1,0,1,0,1,0,0,0,0,1,1,0,0,0
900,#81065A,0,1,1,0,0,0,1,2,2,1,0,1,0,1,0,0,1,1,0,0,0
1144,#81065A,0,0,0,0,0,1,0,0,2,1,0,1,0,1,1,0,1,0,0,0,0
823,#81065A,0,0,0,0,1,0,1,2,1,1,0,2,0,0,1,0,2,0,0,0,0
1089,#81065A,0,0,1,0,0,0,1,0,1,1,0,0,0,0,1,0,1,0,0,0,0
945,#81065A,0,1,1,1,0,0,1,0,0,0,0,1,0,1,0,0,1,1,0,0,0
848,#81065A,0,1,1,0,0,1,0,1,0,0,0,1,0,0,0,0,2,0,0,0,0
961,#81065A,0,1,1,0,0,1,0,0,0,0,0,2,0,1,0,0,0,1,0,0,0
1186,#81065A,0,1,1,0,0,1,1,0,0,0,0,1,0,1,0,0,1,2,0,0,0
824,#81065A,0,1,1,0,1,2,0,1,2,0,1,0,0,0,0,0,1,2,0,0,0
808,#81065A,0,0,1,0,1,0,1,0,2,0,0,1,0,1,0,0,2,0,0,0,0
803,#81065A,0,0,1,0,0,0,0,2,2,0,0,0,0,0,0,0,0,1,0,0,0
923,#81065A,0,0,1,0,0,1,1,1,1,0,0,1,0,0,0,0,0,0,0,0,0
234,#8DB6CF,0,1,0,0,1,1,1,1,0,0,1,2,1,0,1,0,2,1,2,0,1
398,#8DB6CF,0,0,0,0,1,0,1,0,0,0,2,2,1,0,1,0,0,0,2,0,1
272,#8DB6CF,0,1,0,1,0,1,1,1,0,0,1,2,1,0,0,0,1,1,2,0,1
69,#8DB6CF,0,1,0,0,0,0,0,1,0,0,0,2,1,0,1,0,1,2,2,0,1
760,#8DB6CF,0,0,0,0,0,1,1,0,0,0,0,2,1,0,1,1,1,0,2,0,1
115,#8DB6CF,1,0,0,1,0,1,1,1,0,0,1,0,1,0,1,2,0,1,2,0,1
286,#8DB6CF,0,0,0,2,1,0,1,0,0,0,0,1,1,0,1,0,1,0,2,0,1
435,#8DB6CF,0,1,1,0,0,1,1,1,0,0,0,0,1,2,0,1,0,1,2,0,1
328,#8DB6CF,0,0,0,0,0,1,1,1,0,0,1,2,1,0,0,1,2,1,2,0,1
336,#8DB6CF,0,0,0,0,0,0,1,0,0,0,1,0,1,0,0,2,1,1,2,0,1
314,#8DB6CF,0,0,0,0,0,1,2,0,0,0,1,0,1,0,0,0,2,0,2,0,1
63,#8DB6CF,0,1,1,0,0,1,0,0,0,0,1,2,1,0,0,0,1,0,2,0,1
363,#8DB6CF,0,1,1,0,0,2,0,0,0,0,1,1,1,1,0,1,2,0,2,0,1
316,#8DB6CF,0,1,0,0,0,1,1,0,0,1,0,1,1,0,0,0,0,0,2,0,1
383,#8DB6CF,0,1,0,0,0,0,1,1,0,0,0,1,1,0,1,0,0,0,2,0,1
57,#8DB6CF,0,0,1,0,1,0,0,0,0,0,1,1,1,0,2,1,1,0,2,0,1
78,#8DB6CF,0,0,1,0,2,1,2,1,0,1,1,1,1,0,0,0,1,0,2,0,1
368,#8DB6CF,0,0,2,0,2,0,1,0,0,1,0,1,1,0,0,1,0,0,2,0,1
220,#8DB6CF,0,1,2,0,1,0,0,0,0,0,1,0,1,1,1,0,1,0,2,0,1
237,#8DB6CF,0,0,0,0,2,0,1,1,0,0,1,1,1,0,1,1,1,1,2,0,1
59,#8DB6CF,0,1,1,2,1,0,2,1,0,0,0,2,0,1,1,0,1,0,2,0,1
204,#8DB6CF,1,1,0,1,1,1,1,0,0,0,0,2,0,1,1,1,1,1,2,0,1
549,#8DB6CF,0,0,0,1,1,0,0,0,0,0,0,2,0,0,1,0,1,2,2,0,1
11,#8DB6CF,0,0,0,0,1,2,0,0,0,1,0,2,0,0,1,1,1,0,2,0,1
50,#8DB6CF,0,2,0,0,1,1,0,0,0,0,0,2,0,0,1,2,1,0,2,0,1
384,#8DB6CF,0,1,0,0,1,0,1,0,0,0,0,2,0,1,1,0,0,1,2,0,1
41,#8DB6CF,0,1,0,0,1,1,1,1,0,0,1,2,0,0,1,0,1,1,2,0,1
96,#8DB6CF,0,1,0,0,1,1,0,0,0,0,0,2,0,1,1,0,1,0,2,0,1
266,#8DB6CF,0,1,1,0,1,1,0,1,0,0,0,2,0,0,1,0,1,0,2,0,1
274,#8DB6CF,0,0,0,1,0,2,0,0,0,0,1,2,0,0,1,0,1,0,2,0,1
370,#8DB6CF,0,1,0,1,0,0,0,0,0,0,1,2,0,0,1,0,0,0,2,0,1
21,#8DB6CF,0,1,0,1,0,0,2,0,0,0,1,2,0,1,1,0,0,1,2,0,1
226,#8DB6CF,0,0,0,1,0,2,0,0,0,0,1,2,0,1,1,1,0,2,2,0,1
277,#8DB6CF,0,0,0,1,0,1,1,0,0,0,0,2,0,1,1,0,2,1,2,0,1
129,#8DB6CF,0,1,0,0,0,2,0,2,0,0,1,2,0,1,0,0,1,1,2,0,1
199,#8DB6CF,1,0,0,0,0,1,1,2,0,0,1,2,0,1,0,1,0,1,2,0,1
387,#8DB6CF,0,0,0,0,0,0,2,2,0,0,1,2,0,1,1,1,1,1,2,0,1
227,#8DB6CF,0,2,0,0,0,0,0,0,0,0,1,2,0,1,1,1,0,1,2,0,1
392,#8DB6CF,0,2,0,0,0,0,1,1,0,0,1,2,0,0,1,0,1,0,2,0,1
394,#8DB6CF,0,0,0,0,0,1,0,1,0,0,0,2,0,0,1,0,1,0,2,0,1
120,#8DB6CF,0,1,0,0,1,1,0,1,0,1,0,1,0,0,1,0,1,1,2,0,1
295,#8DB6CF,0,0,0,0,1,1,2,1,0,1,0,1,0,1,0,1,1,2,2,0,1
70,#8DB6CF,0,0,1,0,1,0,1,1,0,1,0,1,0,0,0,0,1,0,2,0,1
188,#8DB6CF,0,0,1,0,1,0,1,1,0,1,1,0,0,1,0,0,1,0,2,0,1
196,#8DB6CF,0,2,0,0,1,2,1,0,0,1,0,2,0,0,0,0,2,0,2,0,1
242,#8DB6CF,0,1,1,0,1,0,1,0,0,1,0,2,0,1,0,1,1,1,2,0,1
160,#8DB6CF,0,1,0,0,2,1,1,1,0,0,0,0,0,0,1,0,0,0,2,0,1
323,#8DB6CF,0,1,0,0,2,1,1,2,0,0,0,0,0,0,0,0,0,0,2,0,1
62,#8DB6CF,0,1,0,0,1,0,1,0,0,0,0,1,0,1,0,1,0,0,2,0,1
180,#8DB6CF,0,0,0,0,1,0,1,1,0,0,0,1,0,1,0,1,0,0,2,0,1
213,#8DB6CF,0,1,0,0,1,1,0,0,0,0,0,0,0,1,0,0,0,0,2,0,1
147,#8DB6CF,0,2,0,0,1,0,1,0,0,0,0,1,0,0,0,0,0,0,2,0,1
182,#8DB6CF,0,2,0,0,1,0,1,1,0,0,0,1,0,1,0,0,2,0,2,0,1
324,#8DB6CF,0,0,1,0,1,1,0,1,0,0,0,0,0,0,0,2,0,1,2,0,1
202,#8DB6CF,0,1,0,0,1,1,0,1,0,0,1,1,0,0,1,1,2,2,2,0,1
45,#8DB6CF,0,1,0,0,1,0,1,0,0,0,1,0,0,0,1,0,0,1,2,0,1
269,#8DB6CF,0,1,0,0,1,0,0,0,0,0,0,1,0,0,1,1,0,1,2,0,1
148,#8DB6CF,0,1,2,0,1,1,2,0,0,0,0,1,0,0,0,0,2,0,2,0,1
717,#8DB6CF,0,1,0,0,1,1,1,0,0,0,0,2,0,0,0,0,0,1,2,0,1
131,#8DB6CF,0,0,0,0,2,2,0,0,0,0,0,1,0,0,0,0,2,1,2,0,1
332,#8DB6CF,0,1,0,0,1,2,0,0,0,0,1,0,0,0,0,1,1,1,2,0,1
205,#8DB6CF,0,1,0,0,2,1,0,1,0,0,0,0,0,0,0,1,0,0,2,0,1
260,#8DB6CF,0,1,0,0,1,1,1,0,0,0,1,0,0,0,0,1,2,0,2,0,1
161,#8DB6CF,0,1,1,0,1,1,0,0,0,0,0,0,0,0,1,1,1,0,2,0,1
318,#8DB6CF,0,0,1,0,1,0,1,0,0,0,0,1,0,0,1,0,1,0,2,0,1
303,#8DB6CF,0,0,0,0,2,2,1,1,0,0,0,0,0,0,1,0,1,0,2,0,1
119,#8DB6CF,0,0,0,0,1,0,0,0,0,0,1,1,0,0,1,1,1,0,2,0,1
356,#8DB6CF,0,0,0,0,1,0,1,1,0,0,0,0,0,0,1,1,1,1,2,0,1
251,#8DB6CF,0,2,0,0,2,1,1,1,0,0,1,1,0,1,0,1,1,0,2,0,1
373,#8DB6CF,0,1,1,0,1,0,0,0,0,0,0,1,0,2,0,0,1,0,2,0,1
685,#8DB6CF,0,0,0,0,2,0,0,0,0,0,1,1,0,1,0,0,1,0,2,0,1
248,#8DB6CF,0,1,1,0,1,1,0,0,0,0,1,0,0,0,0,1,1,0,2,0,1
380,#8DB6CF,0,1,0,0,1,1,1,0,0,0,0,1,0,0,0,0,1,0,2,0,1
92,#8DB6CF,1,1,0,0,1,2,1,1,0,0,2,0,0,0,0,0,1,2,2,0,1
97,#8DB6CF,0,1,1,0,1,0,0,2,0,0,2,2,0,0,0,0,0,2,2,0,1
238,#8DB6CF,0,1,0,0,1,1,0,0,0,0,0,0,0,0,2,1,1,2,2,0,1
282,#8DB6CF,0,0,0,0,1,0,0,2,0,0,0,0,0,0,0,0,1,2,2,0,1
298,#8DB6CF,0,0,0,0,2,1,1,1,0,0,1,0,0,0,0,0,1,2,2,0,1
52,#8DB6CF,1,0,0,0,1,1,0,0,0,0,0,1,0,1,0,0,0,0,2,0,1
112,#8DB6CF,1,1,0,0,1,0,0,0,0,0,0,0,0,0,0,0,0,0,2,0,1
134,#8DB6CF,1,0,1,0,1,2,0,0,0,1,1,0,0,1,0,1,0,0,2,0,1
284,#8DB6CF,0,1,1,0,1,1,0,0,0,0,0,1,0,1,1,0,2,0,2,0,1
47,#8DB6CF,1,1,0,0,1,0,0,0,0,0,0,1,0,1,1,0,1,1,2,0,1
142,#8DB6CF,1,1,0,0,1,0,2,1,0,0,0,1,0,1,1,0,1,1,2,0,1
104,#8DB6CF,1,1,0,1,1,1,1,1,0,0,0,0,0,0,0,0,1,2,2,0,1
371,#8DB6CF,1,2,0,1,1,0,0,0,0,0,1,0,0,0,1,0,2,0,2,0,1
208,#8DB6CF,0,0,0,1,1,0,0,0,0,0,2,0,0,1,1,1,1,0,2,0,1
210,#8DB6CF,0,1,0,1,1,0,2,0,0,0,1,0,0,1,1,0,1,0,2,0,1
24,#8DB6CF,0,0,1,1,1,0,2,0,0,0,1,0,0,0,0,1,0,0,2,0,1
143,#8DB6CF,0,1,0,0,2,0,2,0,0,0,1,1,0,0,1,0,0,0,2,0,1
177,#8DB6CF,0,1,0,0,2,0,2,0,0,0,1,1,0,0,1,0,0,0,2,0,1
73,#8DB6CF,0,2,2,2,1,0,1,0,0,0,2,1,0,1,0,0,2,1,2,0,1
61,#8DB6CF,0,2,0,1,1,0,0,0,0,0,0,0,0,0,0,0,2,0,2,0,1
697,#8DB6CF,0,2,1,2,1,0,1,0,0,0,0,1,0,0,0,0,2,1,2,0,1
42,#8DB6CF,0,0,0,1,1,0,0,1,0,0,0,0,0,1,0,0,0,0,2,0,1
306,#8DB6CF,0,1,0,1,1,1,0,1,0,0,0,0,0,0,0,0,2,0,2,0,1
168,#8DB6CF,0,1,0,1,1,1,0,0,0,0,0,0,0,0,1,2,2,1,2,0,1
301,#8DB6CF,0,2,0,1,1,1,1,0,0,0,0,1,0,0,0,1,1,1,2,0,1
367,#8DB6CF,0,2,1,1,2,1,1,1,0,0,0,1,0,0,0,1,1,1,2,0,1
81,#8DB6CF,0,2,0,1,1,1,1,1,0,1,0,2,0,1,0,1,1,0,2,0,1
627,#8DB6CF,0,0,1,1,1,0,0,1,0,1,0,0,0,1,0,0,0,0,2,0,1
54,#8DB6CF,0,0,0,1,1,1,1,1,0,1,0,2,0,2,0,1,1,0,2,0,1
105,#8DB6CF,0,1,0,1,1,1,1,1,0,1,1,2,0,0,0,1,0,0,2,0,1
512,#8DB6CF,0,2,0,1,1,0,1,1,0,0,1,2,0,1,0,1,0,1,2,0,1
600,#8DB6CF,0,0,0,1,1,1,1,1,0,0,1,2,0,0,0,0,1,0,2,0,1
825,#3662B1,1,2,0,1,0,2,1,2,0,0,0,1,0,1,0,1,2,1,0,1,0
849,#3662B1,1,1,0,0,2,0,0,0,0,0,0,0,0,1,0,1,1,0,0,1,0
1358,#3662B1,1,0,0,1,1,1,0,0,0,0,0,0,0,1,0,1,0,0,0,1,0
1097,#3662B1,1,0,0,1,1,1,1,1,0,0,0,1,0,0,0,1,1,0,0,1,0
1471,#3662B1,2,0,0,0,0,0,2,0,0,0,0,1,0,0,1,2,1,1,0,1,0
1540,#3662B1,1,0,0,0,0,1,2,0,0,0,0,0,0,0,1,0,2,0,0,1,0
1557,#3662B1,1,1,0,0,1,0,2,0,0,0,1,0,0,0,1,1,0,1,0,1,0
1222,#3662B1,1,0,0,1,0,0,1,1,0,0,1,2,0,1,1,0,2,0,0,1,0
1443,#3662B1,1,2,0,1,0,0,2,0,0,0,0,0,0,0,0,0,2,0,0,1,0
1217,#3662B1,1,0,0,1,0,0,0,0,0,0,0,1,0,0,1,0,2,0,0,1,0
1440,#3662B1,1,1,0,0,0,0,0,0,0,0,0,1,0,0,1,0,0,0,0,1,0
1238,#3662B1,1,1,1,2,1,1,1,0,0,0,1,1,0,0,0,1,0,1,0,1,0
1229,#3662B1,1,0,0,1,0,0,0,1,0,0,0,0,0,1,1,0,1,0,0,1,0
1243,#3662B1,1,0,1,1,1,0,1,0,0,0,0,1,0,0,1,0,1,1,0,1,0
1513,#3662B1,1,0,0,1,1,0,2,1,1,0,0,1,0,0,1,1,2,1,0,2,0
1439,#3662B1,1,0,0,1,1,1,2,0,0,0,1,0,1,0,0,0,2,0,0,1,0
1093,#3662B1,1,0,0,0,0,1,2,1,0,0,0,0,0,1,0,0,1,0,0,1,0
1327,#3662B1,2,1,0,0,0,1,1,0,0,0,1,0,0,1,0,0,1,1,0,1,0
857,#3662B1,1,0,0,1,0,1,1,2,0,0,0,1,0,2,0,0,2,0,0,1,0
1364,#3662B1,1,1,0,0,1,1,1,0,1,0,0,1,0,0,0,0,2,1,0,1,0
1341,#3662B1,1,1,0,0,0,1,0,2,0,0,0,2,0,0,0,0,0,0,0,1,0
1395,#3662B1,1,1,0,0,1,0,1,2,0,0,0,1,0,0,0,0,2,1,0,1,0
1436,#3662B1,1,1,0,0,0,0,0,1,0,0,1,1,0,0,0,0,0,2,0,1,0
1092,#3662B1,1,1,0,0,0,0,0,1,0,0,0,2,0,0,1,1,1,1,0,2,0
1318,#3662B1,1,1,0,0,1,0,1,1,0,0,0,2,0,0,0,1,1,1,0,2,0
1407,#3662B1,1,1,0,1,0,0,2,1,0,0,1,2,0,0,2,1,2,0,0,2,0
1512,#3662B1,1,1,0,0,1,0,1,2,0,0,0,0,0,0,1,1,0,1,1,2,0
1071,#3662B1,1,1,1,0,1,1,1,0,0,0,0,1,1,0,0,1,2,0,0,2,0
1461,#3662B1,1,2,1,0,0,0,0,0,0,0,0,1,0,0,1,0,1,2,0,2,0
1244,#3662B1,2,0,1,0,2,1,1,1,0,0,1,1,0,1,1,1,1,0,0,1,0
1363,#3662B1,1,1,1,0,0,0,0,1,0,0,1,1,0,0,0,0,1,1,0,1,0
1459,#3662B1,1,1,1,0,0,1,1,1,0,0,2,0,0,0,1,0,1,0,0,1,0
1241,#3662B1,1,2,1,1,0,0,1,0,0,0,1,1,1,0,0,0,1,0,0,1,0
1501,#3662B1,1,0,1,0,0,2,1,1,0,0,0,0,1,1,1,1,1,0,0,1,0
1258,#3662B1,1,0,2,1,0,0,2,0,1,1,0,0,0,0,0,1,0,0,1,2,0
1580,#3662B1,1,0,1,1,0,1,0,2,0,1,1,0,0,1,0,1,1,1,0,2,0
1457,#3662B1,1,1,0,0,0,0,1,0,1,0,1,1,0,2,1,0,0,1,1,1,0
844,#3662B1,1,2,0,1,0,1,0,0,0,0,1,0,0,1,0,0,0,0,1,1,0
1583,#3662B1,1,0,0,0,0,1,0,0,0,0,1,0,0,2,1,1,1,0,1,1,0
1479,#3662B1,1,0,0,1,0,1,0,2,0,1,0,1,0,0,0,1,2,0,1,1,0
1162,#3662B1,2,2,0,1,1,1,1,2,0,0,0,0,0,0,2,0,0,1,1,1,0
1404,#3662B1,1,0,0,1,0,1,1,1,0,1,1,0,0,0,2,1,1,1,1,1,0
1468,#3662B1,1,0,0,0,0,0,0,1,1,0,0,0,0,0,1,0,1,2,1,1,0
1391,#3662B1,1,0,0,0,1,0,1,0,0,1,0,0,0,0,1,0,0,0,1,1,0
1049,#3662B1,1,0,0,0,0,0,0,0,0,0,1,2,0,0,1,1,1,0,1,1,0
1205,#3662B1,1,2,0,0,0,1,0,0,0,0,1,0,0,0,0,1,0,0,1,1,0
1589,#3662B1,1,0,0,0,1,0,2,1,0,0,0,1,1,0,1,2,0,1,1,1,0
1288,#3662B1,1,1,0,1,0,1,1,1,0,0,0,0,0,1,1,0,2,2,1,1,0
1539,#3662B1,1,0,0,0,0,1,0,1,0,0,0,2,0,0,0,0,1,1,1,1,0
1290,#3662B1,1,0,1,0,1,2,0,1,1,0,1,1,0,1,1,1,0,2,1,1,0
1157,#3662B1,1,2,1,0,1,1,0,1,1,0,0,1,0,0,0,0,1,0,0,1,0
1538,#3662B1,1,1,0,0,2,0,0,0,1,0,1,1,0,0,1,0,1,2,0,1,0
1350,#3662B1,1,1,1,0,1,2,0,1,1,0,1,2,0,1,1,1,1,1,0,1,0
1154,#3662B1,1,0,2,0,0,0,0,0,1,0,1,0,0,0,0,1,1,1,0,1,0
1544,#3662B1,1,2,2,0,1,1,1,0,1,0,1,0,0,0,0,1,0,0,0,1,0
1303,#3662B1,1,1,1,1,0,1,1,0,0,0,1,1,1,0,0,1,2,0,1,1,0
1345,#3662B1,1,0,1,1,0,1,0,0,0,1,1,1,0,1,0,1,1,0,1,1,0
1021,#3662B1,1,1,1,0,0,1,0,0,0,1,1,1,0,0,1,0,2,1,1,1,0
1495,#3662B1,1,1,1,1,0,0,1,0,0,1,1,1,0,0,0,0,2,1,1,1,0
1261,#3662B1,1,1,1,0,0,2,1,0,1,0,0,2,0,0,1,1,1,1,1,1,0
1060,#3662B1,1,0,1,1,1,0,1,1,0,0,0,1,0,0,1,1,2,0,1,1,0
1328,#3662B1,1,2,1,1,0,0,1,0,0,0,0,1,0,0,1,0,2,1,1,1,0
354,#3662B1,1,1,2,0,1,1,1,0,1,1,1,2,0,1,0,0,1,0,2,0,1
1152,#3662B1,1,1,2,0,0,1,2,1,1,1,0,1,0,0,1,2,0,1,0,1,0
1270,#3662B1,1,1,1,0,0,0,0,0,0,1,1,1,0,0,0,0,1,0,0,1,0
1101,#3662B1,1,2,0,0,1,1,0,1,1,1,0,0,0,0,1,0,0,1,0,1,0
1285,#3662B1,1,1,1,1,0,0,2,0,1,2,0,1,0,0,0,0,0,1,0,1,0
